50,22,2,0,0,4,0,0,2,0,2,0,0,0,0,0,0,0,0,0,2,0,0,0,0,0,0,0,0,0,0,0,0,0,0,0,0,0,0,0,0,0,0,2,6,10,2,2,2,0,0,0,0,0,0,0,0,0,0,0,0,2,0,0,4,0,2,0,0,2,2,0,0,0,0,0,0,2,0,0,0,2,0,0,0,0,0,0,0,0,0,4,0,0,0,0,0,0,0,0,0,0,2,0,0,0,0,0,0,0,0,0,0,2,0,0,0,0,0,0,0,0,0,0,0,0,0,2,0,0,0,2,2,2,0,0,0,2,0,0,0,0,0,0,0,0,0,0,0,0,0,0,0,0,0,2,0,0,0,0,6,0,0,0,0,0,0,14,4,0,2,0,0,4,2,0,0,0,6,0,0,0,2,0,0,0,0,0,0,0,0,0,0,0,0,0,0,0,0,0,0,2,2,0,2,0,0,0,0,0,0,0,0,0,2
44,58,14,0,0,0,2,0,0,0,0,2,0,0,0,0,2,2,0,0,2,0,0,4,4,2,0,2,0,2,0,0,2,0,0,4,0,0,0,0,0,0,2,4,0,8,0,2,0,0,0,0,0,0,0,2,2,0,0,0,0,0,0,0,0,0,0,0,2,0,0,0,0,0,0,2,0,0,0,0,0,0,0,0,0,0,0,8,0,0,0,2,0,2,2,0,6,0,0,2,0,0,0,0,2,0,0,0,0,0,2,0,0,0,0,0,0,0,0,0,2,0,0,0,0,0,4,0,4,0,2,0,0,0,0,0,0,0,0,0,0,0,0,0,0,0,0,0,0,0,0,0,2,0,0,0,0,0,0,0,0,0,0,0,0,0,0,6,0,0,0,4,0,0,0,2,0,0,2,0,0,0,0,0,0,0,0,0,0,0,0,0,0,0,0,0,0,0,0,0,0,0,0,0,2,0,4,0,0,0,0,0,0,0,0
4,2,48,4,0,0,2,0,2,0,0,0,2,0,2,8,0,0,0,4,6,0,2,4,0,6,0,0,0,0,0,0,2,2,2,0,2,2,4,0,0,2,2,10,8,14,0,4,0,0,0,0,6,0,0,0,2,0,6,0,2,0,0,2,0,2,2,2,0,0,0,0,0,2,0,0,2,2,6,2,4,0,0,2,0,0,0,2,0,4,4,6,0,0,4,0,0,2,0,0,0,4,0,0,0,2,0,2,0,0,2,0,4,2,0,2,0,0,2,2,0,0,2,0,2,2,2,0,0,2,0,0,2,0,0,0,0,0,8,0,0,0,0,0,0,0,0,0,0,2,2,0,2,0,4,2,0,2,4,2,0,0,0,4,0,0,0,2,4,4,4,0,2,0,0,0,0,0,2,4,0,0,0,4,0,0,0,2,2,0,2,2,0,2,0,0,0,0,0,0,2,2,0,0,4,0,6,0,2,8,6,0,6,0,0
0,0,0,24,6,6,0,0,0,0,0,0,0,0,0,0,0,2,0,0,0,0,0,0,0,0,0,0,0,0,0,0,0,0,0,0,0,0,0,0,0,0,0,2,0,0,4,0,0,0,0,0,0,0,0,0,2,0,0,0,0,0,0,0,0,0,0,0,0,0,0,0,0,0,0,0,0,0,0,0,0,0,0,0,0,0,0,0,0,0,0,2,0,0,0,0,0,0,0,0,0,0,0,0,0,0,0,0,0,0,0,0,0,0,0,0,0,0,2,0,0,0,0,0,4,0,0,0,0,0,2,0,4,0,0,0,0,0,0,0,0,0,0,0,0,0,0,0,0,0,2,0,0,0,0,0,0,0,0,0,0,0,0,0,0,0,0,0,0,0,0,0,0,0,0,0,0,0,0,0,0,0,0,0,0,0,0,0,0,0,0,0,0,0,0,0,0,0,0,0,0,0,0,0,0,0,0,0,0,0,0,0,0,0,0
0,0,0,14,18,22,0,0,0,0,0,0,0,0,2,0,0,0,0,0,0,0,0,0,0,0,0,0,0,2,0,0,4,2,0,0,2,2,0,0,0,0,0,0,0,0,4,2,0,0,0,0,0,0,0,0,0,0,0,0,0,0,0,0,0,0,2,0,2,2,2,4,0,2,0,0,0,0,0,0,0,2,0,2,0,0,0,0,0,0,0,2,0,2,0,0,0,0,0,0,2,0,0,0,0,4,0,0,0,0,0,0,0,0,0,0,0,2,0,0,0,0,2,0,8,0,0,2,0,0,2,0,4,0,0,2,0,2,0,0,0,0,0,0,0,0,0,0,0,0,0,0,0,0,0,0,0,0,0,0,0,0,0,0,2,0,0,0,0,0,0,0,0,0,0,0,0,0,0,0,0,0,0,2,0,0,0,2,2,0,0,0,0,0,0,0,0,0,0,0,0,0,0,0,0,0,0,0,0,0,0,0,0,0,0
6,4,4,224,170,202,12,4,6,18,2,22,24,4,14,32,20,22,22,6,4,2,8,2,6,10,6,4,2,18,2,8,10,48,6,8,6,14,16,28,10,14,20,4,0,12,106,4,4,4,0,6,8,16,4,18,34,26,10,16,2,6,12,12,16,10,16,12,4,4,6,54,4,60,4,6,12,6,6,0,4,6,18,10,8,6,6,0,0,4,6,6,0,4,6,4,0,2,4,18,6,10,6,0,22,6,4,8,10,10,6,10,20,0,12,6,18,12,8,8,2,6,16,4,66,10,6,66,14,4,62,4,76,6,10,4,8,6,16,0,0,2,4,0,6,6,4,2,0,2,2,6,4,0,4,16,2,10,6,16,6,2,8,14,6,2,6,4,4,4,12,2,4,0,2,6,4,22,4,4,0,0,6,6,4,6,6,4,8,10,10,4,6,0,2,4,6,6,4,4,4,0,4,6,0,20,10,22,12,10,4,0,0,0,8
2,2,2,2,6,8,66,10,4,4,4,22,24,0,6,8,8,4,2,0,2,2,0,2,6,2,0,0,10,18,0,6,26,30,0,6,16,6,2,10,2,6,4,6,0,0,0,10,0,2,10,2,0,2,2,6,2,0,2,4,0,4,4,0,4,0,0,6,2,0,2,8,0,2,0,2,6,8,2,6,6,2,4,4,2,0,4,2,2,4,0,0,0,6,0,2,0,2,0,4,2,0,4,0,8,0,0,2,8,4,4,4,16,4,4,2,8,2,4,6,2,2,10,0,8,0,2,6,2,2,0,4,4,0,6,6,2,2,2,0,6,4,0,0,2,2,0,0,0,2,2,0,0,0,2,2,0,2,2,6,2,4,4,2,0,0,2,2,0,2,0,0,0,0,0,0,2,0,0,0,0,0,0,0,0,0,0,0,0,2,2,0,0,0,0,0,4,0,2,0,0,0,0,2,0,2,4,2,4,0,0,0,0,4,0
0,0,0,6,6,6,8,26,0,4,2,8,16,0,0,0,0,2,0,2,0,0,6,0,0,0,0,2,4,0,0,2,4,8,4,6,8,2,0,0,0,0,0,2,0,0,2,2,0,2,4,0,2,0,0,0,0,4,0,0,0,0,0,0,0,0,0,0,0,2,0,6,0,0,0,0,0,0,2,0,0,0,2,0,0,4,0,0,6,0,2,4,0,0,0,0,0,0,0,0,2,0,0,0,0,2,2,0,2,0,0,0,8,0,0,0,4,0,0,0,2,0,6,2,0,0,0,0,2,2,0,0,2,0,0,2,0,0,0,0,4,2,0,0,2,0,2,2,0,0,0,0,0,2,0,0,2,2,2,2,8,0,2,0,0,2,2,0,0,2,0,0,0,0,0,0,0,0,0,0,0,0,0,0,0,0,0,0,0,0,0,0,0,0,0,0,0,0,0,0,0,2,0,0,0,0,0,0,0,6,2,0,0,0,0
2,0,0,8,2,4,4,2,446,148,68,6,8,0,0,0,2,2,6,4,2,8,2,0,2,0,12,18,26,4,2,0,2,2,8,2,0,8,0,4,0,0,2,0,0,0,4,32,26,32,16,32,0,8,0,40,8,2,0,0,2,0,0,4,0,2,0,2,0,2,2,0,0,0,0,0,0,0,2,2,0,4,2,66,0,2,0,2,0,0,0,2,2,2,2,2,0,0,4,0,6,2,0,28,10,2,0,0,10,2,0,0,10,0,2,0,16,0,2,10,0,0,4,0,0,0,2,2,0,0,8,0,4,0,0,0,0,0,2,0,0,0,0,0,0,0,0,2,0,2,0,0,0,0,0,10,0,0,0,0,0,0,0,0,0,0,0,0,0,2,0,0,2,0,0,0,0,0,0,0,4,4,0,0,0,2,0,0,0,2,0,0,0,0,0,0,0,0,2,2,0,0,0,0,0,0,0,0,0,0,0,4,2,0,0
0,0,0,0,0,0,2,0,4,56,16,0,2,0,0,0,0,0,0,0,0,0,2,0,0,0,0,0,6,0,0,0,0,0,0,6,0,0,0,0,0,0,0,0,0,0,0,0,0,0,2,2,0,0,0,6,2,2,0,0,0,0,0,0,0,0,2,0,0,0,0,0,0,0,0,0,0,0,0,0,0,0,0,8,0,0,0,0,0,0,0,0,2,0,0,0,0,0,2,0,0,0,0,0,0,0,2,0,0,0,0,0,0,0,0,0,0,0,2,0,0,2,0,2,0,0,0,0,0,0,0,0,0,0,0,0,0,0,0,0,0,0,0,0,0,0,0,0,0,0,0,2,0,2,4,0,0,2,0,0,0,0,0,0,0,0,0,0,0,0,0,0,0,0,0,0,0,0,0,0,0,0,0,0,0,0,0,0,0,0,0,0,0,0,0,0,0,0,0,0,0,0,0,0,0,0,0,0,0,0,0,0,0,0,0
0,2,0,2,0,4,2,2,22,106,86,2,2,2,2,0,0,0,2,2,0,2,4,0,2,0,2,4,2,2,2,0,0,0,4,2,0,0,4,0,4,0,0,0,2,2,0,8,18,6,0,8,0,0,0,10,2,0,0,2,2,2,0,0,0,6,0,0,2,0,0,0,0,0,0,2,0,0,0,4,0,2,0,42,0,0,2,4,0,0,0,0,0,0,0,0,0,0,2,0,4,0,0,0,0,0,0,0,0,0,0,0,6,0,0,0,6,0,2,6,2,2,2,0,0,2,0,0,0,0,0,0,0,0,0,0,0,2,0,0,0,0,0,0,0,0,2,0,2,0,2,0,0,0,2,2,0,0,2,6,0,0,0,0,0,2,2,2,0,0,0,0,0,0,2,0,2,0,0,0,0,0,0,0,0,0,0,0,0,0,0,0,0,0,0,0,2,0,0,0,0,0,0,0,0,2,0,0,0,0,0,2,0,0,0
2,6,4,14,6,14,12,10,6,4,8,124,92,2,4,10,10,8,4,0,6,6,10,0,10,0,6,2,32,2,0,2,24,42,6,2,24,20,4,6,8,12,0,6,4,8,12,10,8,8,6,0,4,2,0,22,10,12,8,14,2,0,4,2,0,0,2,4,4,2,6,6,2,4,6,4,6,0,4,0,2,4,6,6,2,4,4,0,2,2,0,4,2,4,6,6,0,0,2,4,14,0,0,0,12,2,0,2,14,2,4,2,38,0,2,2,14,2,6,14,0,4,28,4,4,8,2,12,8,6,0,0,4,4,4,2,0,0,0,2,10,2,2,0,2,2,8,4,4,2,0,4,6,4,14,2,4,12,0,0,8,4,8,6,2,4,4,0,0,0,4,2,0,0,0,0,0,0,4,0,2,4,0,2,2,4,2,0,0,0,2,0,0,0,0,0,0,0,0,0,0,0,0,0,0,2,0,2,4,6,0,2,14,10,6
0,0,0,2,8,6,10,6,0,2,0,16,92,0,0,4,0,0,0,0,0,0,2,4,2,0,2,4,2,0,0,0,12,22,0,4,12,6,4,2,2,6,4,2,0,0,2,0,0,0,2,2,2,4,2,4,6,4,0,6,0,2,0,2,2,2,0,4,0,0,0,6,0,0,0,2,0,0,0,0,0,2,2,0,0,2,0,2,0,4,2,2,0,0,2,2,2,0,0,2,0,0,0,2,2,0,0,2,0,0,2,4,8,0,2,0,2,2,2,2,0,2,10,0,2,2,0,0,0,0,6,0,4,0,0,2,0,2,0,0,0,2,0,0,0,0,0,0,0,0,0,2,0,4,2,2,0,0,0,0,2,0,2,0,6,2,4,2,0,0,2,0,2,0,2,2,0,0,4,0,0,0,0,0,0,0,4,0,2,0,0,0,0,2,2,0,0,0,2,0,0,4,2,0,2,0,0,2,0,0,2,0,0,2,0
0,0,0,0,0,0,0,0,0,0,0,0,0,54,0,0,0,0,0,0,0,0,0,0,0,0,0,0,0,0,0,0,0,0,0,0,0,0,0,0,0,0,0,0,0,0,0,0,0,0,0,0,0,0,0,0,0,0,0,0,0,0,0,0,0,0,0,0,0,0,0,0,0,0,0,0,0,6,0,0,0,0,0,0,0,0,0,0,0,0,0,0,0,0,0,0,0,2,0,0,0,0,0,0,0,0,0,0,0,0,0,0,0,0,0,0,0,0,0,0,0,0,0,0,0,0,0,0,0,0,0,0,0,0,0,0,0,0,0,0,0,0,0,0,0,0,0,0,0,0,0,0,0,0,0,0,0,0,0,0,0,0,0,0,0,0,2,0,0,0,0,2,0,12,6,2,0,4,4,0,0,0,0,0,0,0,0,0,8,0,0,0,0,0,0,0,0,0,0,0,2,0,4,0,0,0,0,0,2,4,0,2,0,0,0
0,0,0,16,8,16,6,0,0,2,0,4,10,2,36,32,44,36,16,6,0,4,0,4,4,4,0,0,2,0,4,2,8,6,2,0,2,2,2,18,4,8,10,0,4,2,20,4,0,0,4,0,2,2,8,4,0,6,2,0,4,4,4,0,2,2,14,0,4,0,0,10,6,6,4,2,4,8,0,2,6,2,0,0,0,0,0,2,2,2,2,0,0,4,8,0,0,4,2,2,4,4,2,6,0,2,0,10,0,6,0,12,0,2,0,0,4,2,2,2,2,0,12,0,20,0,4,6,8,2,14,4,22,6,2,2,10,8,4,0,6,0,0,0,0,0,4,2,0,0,0,0,0,0,8,2,0,0,2,0,2,0,4,0,0,8,0,0,0,2,2,6,10,4,0,12,10,6,2,0,4,2,4,2,0,0,8,0,4,20,14,4,2,0,2,6,4,2,2,4,4,4,2,8,2,18,12,4,12,6,2,2,2,2,4
0,0,0,6,2,2,0,0,0,0,0,2,4,0,58,62,58,48,10,2,0,0,0,0,4,0,2,0,0,4,4,4,6,2,2,4,0,0,8,0,2,10,6,0,0,0,8,0,2,0,0,2,0,6,4,0,0,2,0,0,0,0,0,0,0,2,4,0,0,0,6,2,0,6,4,0,0,2,0,0,6,0,0,0,0,4,0,0,0,2,0,0,2,0,2,0,0,0,0,0,0,2,0,2,0,4,0,4,0,2,0,10,4,0,0,12,8,0,6,0,2,2,0,0,10,6,0,8,10,0,8,0,24,4,2,4,8,4,6,4,0,0,2,0,0,2,0,0,0,0,2,2,0,0,2,0,2,0,0,2,0,0,0,0,2,4,2,2,2,0,0,0,0,0,2,0,2,16,4,0,0,0,0,2,0,2,4,0,0,8,2,0,4,2,0,0,2,4,2,4,2,4,0,2,0,2,14,6,2,0,0,0,4,0,0
0,0,0,0,4,2,0,0,0,0,0,0,0,0,26,44,42,38,6,0,0,2,0,0,0,0,0,0,2,4,0,0,0,4,0,0,0,0,0,6,2,4,4,0,0,0,0,0,0,0,0,0,2,2,0,0,0,0,0,2,0,0,0,0,4,0,0,0,0,4,0,2,0,0,0,0,0,0,0,0,0,2,2,0,2,0,0,0,0,0,0,0,0,0,2,0,0,0,0,0,0,2,0,2,0,2,0,0,0,0,0,2,0,2,0,2,0,0,0,0,2,0,0,2,0,0,2,0,0,0,0,0,4,0,0,2,0,0,0,0,0,0,0,0,0,0,0,0,0,0,0,0,0,0,0,0,0,2,0,0,0,0,0,0,0,2,2,2,0,0,2,0,0,0,0,2,0,0,0,0,0,0,0,2,0,0,2,0,0,4,0,2,0,0,0,0,0,0,2,0,0,2,0,0,0,0,0,0,0,2,0,0,2,0,0
0,0,2,2,4,2,0,0,0,0,0,2,4,0,24,38,66,54,6,0,0,0,0,0,0,2,0,0,2,0,0,0,2,0,4,0,2,2,4,10,0,2,10,0,0,0,6,2,2,0,2,2,4,0,6,0,0,0,0,0,0,2,4,2,0,0,0,0,4,0,4,4,0,0,0,2,0,4,0,0,8,0,2,0,0,0,0,0,2,2,0,2,0,0,2,2,2,8,0,8,0,0,0,0,0,0,0,0,2,2,0,4,0,4,0,6,0,0,0,2,4,0,4,2,18,0,0,6,4,2,2,0,22,0,2,0,2,4,0,0,0,4,0,0,0,2,0,2,0,0,0,0,0,0,0,0,0,0,0,0,0,0,0,0,0,0,2,0,2,0,2,2,0,0,2,0,0,0,0,0,0,0,0,2,2,8,4,0,2,2,2,2,2,0,0,0,0,0,0,0,0,0,0,0,2,10,6,2,2,0,0,0,2,0,2
0,2,2,4,14,14,0,2,0,0,0,6,6,4,12,2,8,20,72,0,0,0,0,0,4,2,4,0,0,10,10,4,2,4,0,2,0,4,12,4,12,2,4,0,0,0,12,0,4,0,2,2,0,0,4,0,2,2,0,2,0,6,2,0,0,0,2,2,0,2,0,6,2,6,4,2,0,2,2,0,0,2,0,2,2,2,2,0,0,2,0,0,4,0,2,0,0,0,0,0,4,0,2,2,10,2,0,0,4,2,0,2,2,0,0,0,6,0,0,4,0,0,4,0,10,6,0,4,4,0,4,0,16,4,2,8,0,4,4,2,0,2,0,0,0,0,2,2,0,0,4,2,2,0,2,0,0,0,2,0,0,0,0,2,6,0,2,0,2,4,0,0,8,0,0,0,2,0,0,0,0,0,2,2,2,8,0,4,0,0,2,2,0,0,0,0,0,0,0,0,2,4,6,0,0,6,2,8,6,0,2,0,0,0,0
6,12,6,8,4,6,6,0,8,12,0,6,10,4,4,4,2,0,2,80,40,12,20,2,4,4,2,0,2,2,0,0,4,6,6,0,4,0,2,4,6,4,0,14,8,24,12,16,16,12,6,4,6,2,0,14,4,4,2,8,2,20,2,18,2,42,0,34,0,22,0,2,0,2,4,4,4,4,0,16,4,22,0,8,4,8,2,20,0,6,2,28,2,6,8,6,2,0,0,6,6,0,6,4,6,0,4,0,8,4,2,0,8,2,6,4,0,0,42,6,4,14,6,4,2,4,2,2,0,2,0,2,2,2,2,6,0,0,0,8,2,0,4,4,4,0,6,6,4,6,0,4,0,2,6,4,2,2,4,8,6,2,4,0,0,0,4,4,2,2,0,6,2,8,0,2,0,0,2,0,2,4,2,6,0,2,0,0,4,0,6,2,2,2,2,2,4,0,0,2,0,0,2,0,8,2,0,4,4,8,0,4,2,2,2
0,0,6,0,4,0,0,0,0,4,2,4,4,2,0,2,2,0,2,48,40,2,2,0,0,0,2,2,0,0,0,0,2,0,0,2,2,4,0,0,0,0,0,2,2,2,4,2,2,4,0,0,0,4,2,2,0,0,0,0,0,4,0,10,0,4,0,2,0,2,0,0,0,2,0,10,0,0,0,2,2,12,0,0,0,2,0,0,0,6,4,2,0,2,0,0,0,0,2,0,0,2,0,2,2,0,2,0,0,2,0,2,0,0,0,2,0,0,14,0,0,12,0,2,0,0,0,0,0,2,2,0,0,0,0,0,0,0,0,0,0,2,0,0,0,0,4,0,0,0,0,2,0,0,2,0,0,0,0,0,0,4,0,0,0,0,0,0,0,2,2,0,0,0,6,2,0,0,0,0,0,0,2,0,0,2,0,2,0,2,2,2,4,0,2,0,0,0,0,0,0,0,0,0,0,0,0,2,0,0,0,0,0,0,0
0,0,0,0,2,4,2,0,0,6,4,6,2,0,0,2,0,0,2,0,10,58,6,0,0,0,0,0,0,4,0,0,2,2,2,0,0,6,0,0,6,0,4,0,0,0,2,16,2,4,4,2,0,2,0,10,2,0,2,0,0,2,0,0,0,2,0,0,2,0,0,0,0,2,0,4,0,0,0,0,0,0,0,0,0,2,0,2,0,2,0,0,0,0,0,0,2,0,0,0,6,0,0,0,0,0,2,0,0,0,0,0,4,0,2,0,0,0,10,2,0,2,0,2,0,0,0,0,0,0,0,2,0,0,0,2,0,0,0,0,2,0,0,0,0,4,0,0,0,0,0,0,0,0,0,0,2,0,0,4,0,0,0,0,0,0,0,2,0,0,0,0,0,0,0,0,0,0,0,0,2,2,0,0,0,0,0,0,0,0,0,0,2,0,0,2,0,0,4,0,0,0,0,0,2,0,0,0,0,0,2,0,0,0,0
0,0,2,0,0,6,0,0,8,4,6,0,0,0,4,0,0,0,4,8,2,12,100,2,0,0,0,0,4,0,0,0,2,2,0,0,0,4,0,0,0,0,0,0,0,4,2,20,14,16,12,10,2,0,0,4,0,0,0,0,0,0,0,8,0,6,0,2,0,0,0,0,2,0,0,2,2,0,0,2,0,0,0,2,0,6,2,8,0,0,0,0,0,2,2,0,0,0,0,0,4,0,0,0,4,0,0,2,0,0,0,0,0,0,0,4,2,0,8,2,0,4,2,0,2,0,0,2,2,0,2,2,2,2,0,0,0,2,0,2,0,0,0,0,0,0,0,2,0,0,0,2,0,0,0,0,0,0,4,0,0,2,0,0,0,0,0,0,0,0,0,0,2,0,0,0,0,2,0,0,0,0,0,0,0,0,0,0,2,2,0,0,0,0,0,0,0,0,0,0,0,0,0,0,0,0,0,0,2,0,0,0,0,0,0
0,0,0,0,0,0,0,0,0,0,0,0,0,0,0,0,0,0,0,0,0,0,0,18,0,2,0,0,0,0,0,0,0,0,0,0,0,0,0,0,0,0,0,0,0,0,0,0,0,0,0,0,0,0,0,0,0,0,0,0,0,0,0,0,0,0,0,0,0,0,0,0,0,0,0,0,0,0,0,0,0,0,0,0,0,0,0,0,0,0,0,0,0,0,0,0,2,0,0,0,0,0,0,0,0,0,0,0,0,0,0,0,0,0,0,0,0,0,0,0,0,0,0,0,0,0,0,0,0,0,0,0,0,0,0,0,0,0,0,0,0,0,0,0,0,0,2,0,0,0,0,0,0,0,0,0,0,0,2,0,0,0,0,0,0,0,2,0,0,0,0,0,0,0,0,0,0,0,0,0,0,0,0,0,0,0,0,0,0,0,0,0,0,0,0,0,0,0,0,0,0,0,0,0,0,0,0,0,0,0,0,0,0,0,0
26,32,8,12,10,18,8,8,8,4,6,14,8,14,2,16,20,20,10,16,20,8,2,80,112,52,8,6,12,16,4,4,12,4,8,10,8,12,8,18,14,20,6,16,40,22,12,14,6,2,2,4,12,16,20,24,6,16,12,18,30,24,20,8,12,14,16,12,22,18,12,10,12,2,8,72,6,44,16,20,14,10,2,10,10,4,12,16,2,8,60,14,66,14,14,10,20,12,50,38,4,6,32,16,4,10,42,12,16,14,20,4,8,6,24,12,8,32,6,8,20,12,10,44,20,14,10,12,32,12,10,12,8,18,6,10,6,12,12,8,16,4,10,2,8,6,6,6,2,36,24,16,10,8,20,24,26,22,26,24,16,12,14,20,12,14,6,26,36,10,38,2,14,16,8,2,2,4,14,2,12,4,4,18,4,6,4,8,14,8,4,2,4,8,4,2,2,2,4,12,4,12,8,12,8,6,12,12,4,26,6,14,12,2,8
22,12,2,0,2,0,6,4,2,4,2,6,2,2,6,2,4,6,4,6,2,4,6,104,50,70,4,0,0,4,2,4,4,6,6,6,0,0,0,6,4,2,2,12,12,4,10,2,2,2,2,0,2,10,12,0,0,0,6,0,4,10,6,6,6,0,8,10,8,6,0,0,4,4,0,44,0,34,0,14,2,6,0,0,2,2,6,4,0,2,6,10,10,8,4,8,20,8,12,14,2,2,14,8,4,2,14,2,10,4,2,2,4,0,10,2,6,2,8,0,4,6,2,8,4,2,2,2,6,0,0,0,4,0,2,8,10,8,8,2,0,0,0,0,2,0,4,2,0,8,4,8,10,2,10,2,8,4,8,0,8,0,6,2,10,6,2,12,8,2,6,2,6,0,8,0,0,6,4,2,2,0,4,4,4,4,2,2,2,0,0,4,0,4,2,2,0,0,0,2,2,6,0,0,4,2,14,0,0,28,4,0,4,4,2
0,0,0,0,0,2,0,2,2,2,0,0,0,0,0,0,0,0,0,0,2,0,0,0,2,2,90,106,20,2,0,2,4,0,0,0,2,0,0,2,0,0,0,0,0,0,2,0,0,0,2,0,0,0,6,4,0,0,0,0,0,0,0,0,0,0,0,6,0,0,0,0,2,0,0,0,0,0,0,0,0,0,0,4,0,0,0,0,0,0,0,0,0,0,0,0,0,0,0,0,0,0,0,0,0,0,0,0,0,0,0,0,2,0,0,0,0,0,0,0,0,0,0,0,0,0,0,0,0,0,0,0,2,0,0,0,0,0,0,0,0,0,0,0,0,0,0,0,0,0,0,0,0,0,0,0,0,0,0,0,0,0,0,2,0,0,0,2,0,0,0,0,0,0,0,0,0,0,0,0,0,0,0,0,0,0,0,0,2,0,0,0,0,0,0,0,0,0,0,0,0,0,0,0,0,0,0,0,0,0,0,0,0,0,0
0,0,0,0,0,0,0,0,0,0,4,0,2,0,0,0,0,0,0,0,0,0,0,0,0,0,24,36,12,0,0,0,2,0,0,0,0,0,0,0,0,0,0,0,0,0,0,0,0,0,0,0,0,0,2,0,0,2,0,2,0,0,0,0,0,0,0,0,0,0,0,0,0,0,0,0,0,0,0,0,0,0,0,2,0,0,0,0,0,0,0,0,0,0,0,0,0,0,0,0,0,0,0,0,4,0,0,0,0,0,0,0,2,0,0,0,0,0,2,0,0,0,0,0,2,0,0,0,0,0,2,0,0,2,0,0,0,0,0,0,0,0,0,0,0,0,0,0,0,0,0,0,0,0,0,0,0,0,0,0,0,0,0,0,0,0,0,0,0,0,0,0,0,0,0,0,0,0,0,0,0,0,0,0,0,0,0,0,0,0,0,0,0,0,0,0,0,0,0,0,0,0,0,0,0,0,0,0,0,0,0,0,0,0,0
0,0,0,0,2,2,0,0,8,4,2,4,2,0,8,0,0,4,2,0,0,0,2,2,2,0,58,74,74,6,0,0,2,2,0,0,4,0,0,0,0,0,0,0,4,0,6,8,8,0,4,0,0,2,4,20,2,2,2,4,0,0,0,0,0,0,0,0,0,2,2,0,0,4,0,0,0,2,0,0,0,0,0,18,2,0,0,0,0,0,0,0,0,0,0,0,0,2,0,0,0,0,0,0,2,0,0,0,2,0,0,0,6,2,0,0,2,0,0,2,0,0,4,0,0,2,0,0,0,2,0,0,2,0,0,0,0,0,4,0,0,0,0,0,2,0,2,0,0,0,2,0,0,0,0,0,0,0,0,2,0,2,0,0,0,0,0,0,0,0,0,0,0,0,0,0,2,0,0,0,0,0,0,2,0,0,2,0,0,2,0,0,0,0,0,0,0,0,0,0,0,0,0,0,0,2,2,0,0,4,0,0,2,0,0
0,2,2,16,6,10,6,2,0,4,2,2,16,0,2,8,2,6,20,0,0,4,4,2,2,2,0,2,10,38,16,32,0,2,0,0,4,6,10,10,4,12,6,4,0,0,16,0,0,2,0,2,0,4,2,6,4,4,6,2,2,0,6,2,0,0,6,2,4,0,2,10,4,0,2,0,2,8,4,4,4,0,12,4,12,0,4,2,4,0,0,0,0,2,0,2,2,2,0,2,0,0,0,4,2,0,0,8,0,0,2,0,6,2,0,0,4,0,0,4,4,0,2,2,8,8,6,2,10,2,4,2,12,10,8,0,14,4,0,12,2,6,4,0,2,10,6,2,0,0,2,2,0,2,4,10,4,8,2,0,4,2,2,6,8,4,10,4,0,6,4,0,6,0,2,2,0,0,0,0,0,2,0,8,2,0,0,0,0,4,0,0,2,0,0,0,2,0,0,0,0,0,0,4,2,0,2,2,2,12,6,0,6,10,4
0,0,4,2,0,0,0,0,0,2,0,4,0,0,2,4,2,4,16,2,0,2,0,0,0,0,2,0,0,6,22,28,4,0,2,2,0,4,2,6,4,6,8,0,0,0,6,0,0,0,0,2,4,4,4,0,0,0,2,2,0,6,6,0,0,0,2,0,0,6,0,0,0,6,0,2,0,2,2,2,2,0,2,0,0,0,0,0,0,0,0,0,2,2,0,0,0,0,0,0,0,0,2,0,2,0,0,0,2,0,0,0,0,2,4,2,0,0,0,2,0,0,4,0,14,4,2,2,0,2,4,4,6,2,0,2,0,2,4,0,0,0,0,0,0,0,4,2,2,0,0,0,0,0,0,0,4,4,2,0,0,2,4,2,0,4,0,0,2,0,0,0,0,0,4,0,0,0,0,0,0,2,2,0,0,0,0,0,0,0,0,2,0,0,0,2,2,0,2,2,0,0,0,0,0,0,0,0,0,2,0,0,0,0,0
0,0,0,0,0,2,0,0,0,0,0,2,0,0,0,0,0,0,2,0,0,0,0,0,0,0,0,0,0,4,2,10,0,0,0,0,0,0,2,0,0,0,2,0,0,0,2,0,2,0,0,0,0,0,0,0,0,0,0,0,0,0,0,0,0,0,0,0,0,0,0,0,0,0,0,0,0,0,0,0,0,0,4,2,2,0,0,0,0,0,0,0,0,0,2,0,0,0,0,0,0,2,0,0,0,0,0,0,0,0,0,2,2,0,0,0,0,0,0,0,0,0,2,0,0,0,0,0,0,0,0,0,0,0,0,0,0,0,0,0,0,0,0,0,0,2,0,0,0,0,0,0,0,0,0,0,2,0,0,0,0,0,0,0,0,0,0,0,0,0,0,0,0,0,0,0,0,0,0,0,0,0,0,0,0,0,0,0,0,0,0,0,0,0,0,0,0,0,0,0,0,0,0,0,0,0,0,0,0,0,0,0,0,0,0
0,0,0,2,2,6,4,0,0,2,4,12,6,0,4,2,0,4,0,0,0,0,0,0,0,0,0,2,0,6,0,0,46,38,0,2,2,2,0,6,0,2,2,0,0,0,0,0,0,0,0,0,2,2,4,4,0,0,0,6,0,0,0,0,2,0,4,2,2,0,0,2,0,0,0,4,2,0,4,0,0,0,0,2,0,2,0,0,0,0,2,4,0,0,0,0,0,2,2,2,0,2,4,0,4,0,0,4,0,0,0,0,2,0,2,0,2,0,0,0,2,0,2,0,2,0,0,0,0,0,6,0,2,0,0,0,0,0,2,0,0,0,0,0,0,0,0,2,0,0,0,0,0,0,2,0,0,0,0,0,0,0,0,0,0,0,0,0,0,0,0,0,2,0,0,2,0,2,0,0,0,0,0,0,0,0,0,0,0,0,2,0,0,0,0,0,2,0,0,2,0,4,0,0,0,0,0,0,0,2,0,2,0,0,2
2,0,0,0,0,4,6,0,0,0,0,10,2,0,0,2,2,4,2,2,2,0,0,0,0,2,0,0,2,0,0,0,4,10,0,0,0,0,2,0,0,2,0,2,0,0,2,0,0,0,0,0,0,2,0,0,0,2,0,0,0,0,0,0,0,0,0,0,0,2,0,0,0,0,0,0,0,0,0,0,0,0,0,0,0,0,0,0,0,0,0,2,0,6,2,2,0,0,0,4,0,0,0,0,0,2,0,0,0,0,0,0,0,0,2,0,0,0,0,0,0,0,6,0,0,0,0,4,0,2,0,2,2,2,0,0,0,0,0,2,0,0,2,0,0,0,0,0,0,0,2,0,0,0,2,0,0,0,0,0,0,0,0,0,0,0,0,0,0,0,0,0,0,0,0,0,0,0,0,0,0,0,0,0,0,0,0,0,0,0,0,0,0,0,0,0,0,0,0,0,0,2,0,0,0,0,0,0,2,0,0,0,0,0,0
4,2,4,0,8,4,6,0,4,8,0,12,12,0,8,4,0,0,2,8,8,16,10,2,6,6,4,0,6,10,0,12,12,2,34,22,6,20,6,2,2,4,4,4,6,2,2,14,2,6,14,4,12,8,4,16,6,2,4,2,0,6,2,6,8,8,0,2,2,8,4,8,2,4,4,2,2,6,4,0,2,0,2,16,10,24,8,14,0,18,4,8,2,6,2,4,4,0,4,10,6,0,0,0,2,2,6,2,12,0,4,4,0,0,8,4,4,4,6,4,2,2,8,2,4,6,0,2,12,2,0,2,6,2,4,6,2,0,2,4,0,2,4,0,4,6,6,10,0,0,0,4,2,2,14,10,8,8,4,2,2,4,10,6,6,2,8,6,6,0,4,2,4,2,0,2,0,0,2,0,0,2,0,2,0,0,0,0,2,6,4,2,0,0,0,0,0,0,0,0,0,0,0,0,0,0,10,0,2,8,4,0,4,0,0
0,2,0,0,0,6,2,0,0,2,0,2,2,0,0,0,2,2,0,6,2,8,0,0,2,0,0,0,2,0,0,0,2,0,2,20,2,4,0,0,0,0,2,0,2,2,2,0,6,2,0,0,0,0,0,6,2,0,0,2,0,6,0,0,0,0,0,2,2,2,0,0,0,0,0,4,0,0,0,0,0,0,0,0,0,6,0,2,0,2,0,0,0,0,0,2,2,0,0,0,0,0,0,0,0,0,0,4,0,0,0,0,0,0,0,4,0,0,2,0,0,4,2,0,0,2,0,0,6,0,0,0,0,0,0,2,0,0,0,0,0,0,0,0,0,0,0,0,0,0,0,0,0,0,0,0,4,0,0,2,4,0,0,0,0,2,0,2,0,0,0,4,2,0,0,0,0,0,0,0,0,0,0,0,0,0,0,0,0,2,2,0,0,0,0,0,0,0,0,0,0,0,0,0,0,2,0,0,2,2,2,0,0,0,0
0,0,0,0,0,0,0,2,0,0,2,0,2,0,2,0,0,0,0,0,0,0,4,0,0,0,0,2,4,0,0,0,2,0,4,0,16,2,0,0,0,0,0,0,0,0,2,0,2,2,0,4,2,0,0,10,0,0,0,0,0,0,0,0,0,0,0,0,0,0,0,2,0,0,0,0,0,0,0,0,0,0,0,0,0,0,0,0,0,2,0,0,0,0,0,0,0,0,0,0,0,0,0,0,0,0,0,0,0,0,0,0,6,0,0,0,0,0,0,2,0,0,0,0,0,0,0,2,2,0,0,0,0,0,0,0,0,0,0,0,0,0,0,0,2,0,0,0,0,0,0,0,0,0,0,4,0,0,0,0,2,0,0,0,0,0,0,0,0,0,0,0,0,2,0,0,0,0,0,0,0,0,0,0,0,0,0,0,0,0,0,0,0,0,0,0,0,0,2,0,2,0,0,0,0,0,0,0,0,0,0,0,0,0,0
2,6,2,4,0,0,0,2,2,0,0,0,2,2,0,0,6,4,0,0,0,6,4,0,0,0,2,0,0,0,0,0,4,0,8,2,8,38,0,0,0,0,2,0,2,0,0,2,6,2,2,0,2,4,0,4,4,4,0,8,0,0,0,2,2,6,0,0,0,0,0,0,0,0,2,0,0,2,0,0,2,0,2,0,0,0,0,2,0,0,0,0,0,0,0,2,0,0,0,0,2,0,0,2,0,0,0,0,0,0,0,0,0,0,4,0,0,0,0,0,0,2,2,0,0,0,2,0,2,0,2,0,2,0,0,2,2,0,0,0,0,0,0,0,0,0,0,0,0,0,0,0,0,0,0,0,2,2,4,2,0,0,0,0,0,0,2,0,0,0,0,0,0,2,0,0,0,2,2,0,0,0,0,0,0,0,0,0,0,0,2,2,4,2,0,0,0,2,0,0,0,0,0,0,0,0,0,0,0,0,0,0,0,0,2
0,0,0,0,0,0,0,0,0,0,0,0,0,0,0,2,0,0,0,4,0,0,2,0,0,0,0,0,0,0,2,2,0,0,0,0,2,0,6,0,0,4,0,0,0,0,0,0,0,0,0,0,0,0,0,0,0,0,0,0,0,0,0,0,0,0,0,0,0,0,0,2,0,0,0,0,0,0,0,0,0,0,0,0,0,0,0,0,0,0,0,0,0,0,0,0,0,0,0,0,0,0,0,0,0,0,0,0,0,0,0,0,0,0,0,0,0,0,0,0,0,0,0,0,0,0,0,0,0,0,0,0,0,0,2,0,0,0,0,0,0,0,0,0,0,0,0,0,0,0,0,0,0,0,0,0,0,0,0,0,0,0,0,0,0,0,0,0,0,0,0,0,0,0,0,0,0,0,0,0,0,0,0,0,0,0,0,0,0,2,0,0,0,0,0,0,0,0,0,0,0,0,0,0,0,0,0,0,0,0,0,0,0,0,0
0,0,0,0,0,0,0,0,0,0,0,0,0,0,0,0,6,0,0,0,0,0,0,0,0,0,0,0,0,0,0,0,0,0,0,0,0,0,0,8,2,0,0,0,0,0,0,0,0,0,2,0,2,0,0,0,0,0,0,0,0,2,0,2,0,0,0,0,0,0,0,0,0,0,0,0,0,0,0,0,0,0,0,0,0,2,0,0,0,0,0,0,0,0,0,0,0,0,2,4,0,0,0,0,0,0,0,0,0,0,0,2,0,0,0,0,0,0,0,0,0,0,0,0,0,4,2,0,0,0,0,0,0,0,0,0,0,0,0,0,0,0,0,0,0,0,0,0,0,0,0,0,0,0,0,0,0,0,0,0,0,0,0,0,0,0,0,0,0,0,6,0,0,0,2,0,0,0,0,0,0,0,0,0,0,0,0,0,0,0,0,0,0,0,0,0,0,0,0,0,2,0,0,0,0,0,2,0,0,0,0,0,0,0,0
6,6,2,32,14,12,4,2,2,2,0,10,6,2,14,20,20,26,24,0,2,4,2,6,4,0,0,0,4,2,8,12,12,2,4,10,4,10,56,38,52,54,90,4,0,2,30,4,2,0,0,0,20,14,8,8,14,10,2,4,6,0,0,0,4,0,4,0,0,4,6,4,6,10,10,6,8,0,4,0,14,2,16,8,2,4,4,2,4,8,4,6,0,2,8,2,4,4,4,6,6,10,0,6,6,6,2,14,0,4,6,6,10,2,2,8,4,2,6,4,8,2,8,4,18,24,4,6,22,4,18,10,18,4,6,12,8,6,4,2,6,4,4,0,8,0,6,4,0,6,12,2,2,8,6,4,0,6,10,4,2,0,6,10,6,12,16,10,6,2,12,6,0,2,6,4,6,6,0,4,2,2,2,8,0,0,6,4,2,10,10,6,8,8,2,0,4,0,0,6,10,4,8,4,8,6,14,12,12,8,10,4,4,2,6
2,8,2,38,20,20,16,2,0,6,0,20,14,2,48,34,38,40,44,10,6,4,4,6,4,4,10,6,2,24,34,8,26,26,6,8,4,10,130,108,74,156,108,6,4,2,38,8,16,6,2,8,18,32,30,20,6,16,14,10,10,2,24,4,8,6,26,2,16,12,16,14,8,20,28,10,24,12,16,0,16,2,14,12,10,10,12,8,6,2,14,4,12,4,12,0,2,14,14,12,8,2,6,8,32,24,8,32,8,6,6,10,16,12,8,8,20,4,4,14,2,6,24,4,26,40,14,12,48,18,18,12,66,8,20,20,34,22,8,28,12,6,12,6,4,4,10,8,4,6,6,8,2,8,14,16,20,14,10,20,10,10,10,16,2,22,6,16,8,12,8,6,0,14,2,8,6,10,12,4,8,14,8,36,4,16,2,2,8,14,12,12,18,4,2,4,10,4,4,2,6,8,4,6,6,6,22,20,18,8,16,4,8,22,4
0,0,0,4,0,0,0,0,0,0,0,0,0,0,0,10,6,6,4,0,0,0,0,0,0,0,0,0,0,0,2,2,0,0,0,0,0,0,8,10,10,8,20,0,0,0,0,0,0,0,0,0,0,0,0,0,0,0,0,0,0,0,0,0,0,0,0,0,0,0,0,0,0,0,0,0,2,0,0,0,0,0,0,0,0,0,0,0,0,0,2,0,0,0,0,4,0,0,0,0,0,0,2,0,0,0,0,0,2,0,0,4,0,0,0,0,2,0,0,0,4,0,0,0,8,12,0,0,0,0,0,2,0,2,2,2,0,4,0,0,0,0,0,0,0,0,0,0,0,0,0,0,0,0,0,0,2,0,0,0,0,0,0,0,0,0,0,0,0,0,0,0,0,0,0,0,0,0,0,0,0,0,0,2,0,0,0,0,0,0,0,0,0,0,0,0,0,0,0,0,0,0,0,0,0,0,0,0,0,0,0,0,0,0,0
40,32,38,2,0,4,2,8,0,2,2,4,4,2,2,2,2,0,4,0,4,12,4,8,0,14,2,2,4,4,0,0,2,6,6,2,4,12,4,4,2,4,0,90,124,100,4,4,6,8,4,4,8,2,0,0,0,0,8,0,8,8,8,2,8,16,2,14,4,6,4,0,16,4,4,2,2,4,0,20,12,8,2,4,0,4,0,14,2,0,0,6,0,8,4,6,8,0,6,6,0,2,2,0,0,0,4,0,2,0,2,0,0,0,2,0,0,0,4,0,8,4,4,4,4,4,4,2,2,2,0,2,2,2,4,4,2,2,2,2,2,0,0,2,4,2,6,2,4,6,6,8,6,6,0,6,4,10,2,4,2,4,4,6,0,2,4,20,0,2,0,4,2,0,2,0,0,0,12,0,0,2,0,0,0,2,0,0,0,0,2,2,0,0,0,0,2,0,0,0,6,6,0,2,2,0,0,4,0,2,2,2,0,0,2
8,0,6,0,0,2,0,0,0,0,0,0,6,0,0,0,0,0,0,0,0,0,0,0,0,0,0,0,0,0,0,0,0,0,0,0,0,0,0,0,0,0,0,16,44,6,0,0,0,0,2,0,0,0,0,0,0,0,0,0,0,0,0,0,0,0,0,0,0,0,0,0,0,0,0,8,2,0,0,0,0,0,0,0,0,0,0,0,0,0,0,0,0,0,0,0,0,0,0,0,0,0,0,0,0,0,0,0,0,2,0,2,0,0,0,0,0,0,0,0,0,0,0,0,0,0,0,0,4,0,0,0,0,0,0,0,0,0,0,0,0,0,0,0,0,0,0,0,0,0,0,0,0,0,0,0,0,0,0,0,0,0,0,0,0,0,0,0,0,0,0,0,0,0,0,0,0,0,0,0,0,0,0,0,0,2,0,0,0,0,0,0,0,0,0,0,0,0,0,0,0,0,0,0,0,0,2,0,0,0,0,0,0,0,0
10,4,8,2,0,0,0,0,2,0,2,2,2,2,0,0,0,0,0,4,0,0,0,0,0,2,0,0,0,0,0,0,0,0,2,0,0,0,0,2,2,0,0,28,44,46,0,2,0,0,2,2,0,0,0,0,0,0,0,0,0,2,0,0,0,0,0,2,0,2,0,0,0,0,0,2,0,0,0,4,0,0,0,0,0,0,0,2,0,0,0,0,2,6,0,0,0,0,0,0,0,0,0,0,0,0,0,0,0,2,0,0,2,0,0,0,0,0,0,0,0,0,0,0,0,0,0,2,2,0,0,0,0,0,0,0,0,0,0,0,2,2,0,0,0,2,0,0,0,0,0,2,0,0,0,2,2,0,0,0,0,0,0,0,0,0,0,0,0,0,0,0,0,2,2,0,0,0,0,0,0,0,0,0,0,0,0,0,0,0,0,0,0,0,0,0,0,0,0,0,0,0,0,0,0,0,4,0,0,0,0,0,0,0,0
4,0,0,18,10,2,2,0,0,0,0,6,0,0,4,4,4,6,4,4,0,0,0,0,4,2,2,0,0,0,0,0,0,2,0,4,0,0,4,6,6,4,4,0,4,4,68,0,2,0,2,0,2,2,0,2,2,16,0,0,0,0,0,0,2,0,2,0,2,0,6,10,0,10,0,0,0,0,2,0,2,0,0,0,0,2,0,4,0,4,4,2,2,2,0,2,0,0,0,2,2,2,2,0,4,4,2,4,2,6,0,0,0,0,2,2,0,4,4,2,0,0,4,0,10,0,0,12,0,2,18,0,26,2,0,2,0,0,0,0,0,0,0,0,0,0,2,0,0,0,0,2,0,4,2,2,0,0,0,0,0,0,2,0,0,0,0,2,2,2,2,2,2,0,6,2,2,2,4,6,0,0,0,2,2,0,0,0,0,4,8,6,0,0,2,2,4,0,2,2,0,0,0,2,0,2,4,18,2,2,2,0,2,2,0
0,8,2,6,2,0,6,4,18,32,16,16,10,2,10,4,10,4,4,8,2,38,26,0,4,0,0,2,12,8,2,0,2,12,18,12,6,16,2,8,6,6,4,4,10,20,10,210,102,150,36,60,4,2,6,52,2,12,2,10,2,8,6,4,8,0,4,14,4,6,0,0,6,2,0,8,2,0,2,2,0,0,2,18,4,16,8,10,4,0,4,4,2,10,0,2,0,0,10,6,10,0,2,2,12,2,2,4,0,0,2,4,6,0,4,2,14,6,10,6,6,10,18,0,8,0,2,4,2,0,4,2,2,2,0,2,2,0,6,2,2,6,2,0,0,6,2,4,2,8,4,6,0,2,8,2,0,4,4,4,4,2,0,2,0,0,6,6,0,0,2,4,0,0,0,0,0,0,0,0,0,0,2,4,0,2,0,0,0,0,0,0,0,0,2,0,0,0,2,0,0,0,2,0,0,6,0,2,4,2,2,4,0,0,4
4,2,0,0,0,2,4,2,2,24,18,4,8,2,4,2,6,0,4,6,6,26,20,0,8,0,0,0,6,6,2,0,0,0,16,6,2,0,0,2,0,0,4,0,0,2,2,42,48,26,16,4,2,0,6,12,4,0,0,0,0,4,0,0,0,0,2,6,2,4,2,2,2,2,4,2,0,0,0,0,0,2,0,2,2,2,2,2,0,10,0,0,0,16,0,2,6,2,4,0,2,0,0,0,6,0,2,6,14,0,4,4,2,0,6,0,2,0,10,0,2,6,4,2,2,0,0,2,0,0,2,0,0,2,0,0,2,0,2,2,4,0,2,0,4,0,8,2,2,2,2,2,2,2,2,2,2,0,0,4,4,0,0,2,0,4,4,4,2,0,2,4,0,0,4,0,0,0,4,0,0,0,0,0,0,0,0,2,0,0,4,0,0,0,2,2,0,0,0,0,0,4,0,0,0,0,2,0,0,2,0,0,2,0,0
0,0,0,0,0,0,0,0,2,4,2,0,0,0,0,0,0,0,0,0,0,2,2,0,0,0,0,0,0,0,0,0,0,0,2,0,0,4,0,2,0,0,0,0,4,0,0,12,4,30,4,6,0,4,0,2,0,0,0,0,0,0,0,0,0,0,0,0,0,0,0,0,0,0,0,0,0,0,0,0,0,0,0,0,0,2,0,0,0,0,0,0,0,0,0,0,0,0,0,0,0,0,0,0,0,0,0,0,2,0,0,0,0,0,0,0,0,0,0,0,0,2,0,0,0,0,0,0,0,0,0,0,0,0,0,0,0,0,6,0,0,0,0,0,0,0,0,0,0,0,0,0,0,0,0,0,0,0,0,2,0,0,0,0,0,0,0,0,0,0,2,0,0,4,0,0,0,0,0,0,0,0,0,0,0,0,0,0,0,2,0,0,0,0,0,0,0,0,0,2,0,0,0,0,0,0,0,0,0,0,0,0,0,0,0
0,0,2,0,0,0,2,0,10,24,14,4,6,0,0,6,0,0,0,0,2,24,16,0,0,0,0,0,2,0,0,0,2,2,14,14,4,4,2,0,2,0,4,2,2,6,2,34,20,26,40,52,0,2,0,20,2,4,0,2,2,0,0,2,0,0,4,4,2,0,0,4,0,0,0,2,0,0,0,2,0,0,0,4,0,2,0,4,0,2,0,2,0,2,0,0,4,0,0,0,2,2,0,0,0,0,0,2,2,0,2,0,0,0,2,0,0,0,2,0,0,0,0,2,0,0,2,4,4,0,0,0,0,0,0,0,2,0,0,0,0,0,0,0,0,0,0,0,0,2,0,0,0,0,0,2,2,4,0,4,0,0,0,0,0,0,4,4,0,0,0,0,0,0,0,0,0,0,2,0,0,0,0,0,0,0,0,0,0,0,0,0,2,0,2,0,0,0,0,0,0,0,0,0,0,0,0,0,0,0,2,0,0,0,4
0,2,0,2,2,2,4,0,10,38,26,0,4,0,2,2,2,0,0,6,2,10,26,0,2,4,2,8,2,0,2,0,0,0,6,2,4,10,0,0,2,2,0,2,0,0,4,30,36,40,36,138,2,2,0,16,2,0,0,0,0,0,2,2,0,0,0,0,0,2,4,0,0,0,0,0,0,0,2,0,0,0,0,24,0,0,0,4,0,0,0,2,0,0,0,0,2,6,0,0,4,0,2,2,2,2,0,0,4,0,0,0,2,0,0,0,8,2,4,0,2,0,2,0,0,0,2,6,10,0,2,2,0,0,2,0,0,2,0,0,0,0,0,0,0,0,0,0,0,0,0,0,2,0,0,0,0,0,0,0,0,2,0,0,0,0,2,0,0,0,0,0,0,0,0,0,0,0,0,0,0,0,0,0,0,0,0,0,0,0,0,0,0,0,0,0,0,4,0,0,0,0,0,2,0,4,2,0,0,0,0,2,0,0,0
0,2,0,0,8,4,0,0,0,0,0,2,0,2,2,2,4,8,4,0,0,6,0,0,2,2,0,0,0,0,2,0,0,6,0,2,0,0,0,0,4,4,8,0,4,0,2,0,0,0,0,0,28,16,40,4,0,4,6,0,0,0,2,0,2,8,2,4,2,0,0,0,0,2,2,0,0,2,4,0,0,0,2,0,0,0,0,0,0,0,0,0,0,0,4,2,2,0,0,8,2,2,0,2,0,0,2,6,0,0,0,8,0,2,0,8,0,0,0,0,0,0,0,2,4,4,0,0,6,2,2,2,10,4,0,2,4,4,4,2,0,0,0,0,0,2,2,0,0,0,0,0,2,0,0,0,0,0,0,2,2,2,2,0,2,2,2,4,0,6,2,4,2,0,0,0,2,4,0,2,0,0,2,0,0,2,0,0,0,2,0,2,0,2,0,2,0,0,0,0,0,0,0,0,0,4,6,0,12,4,6,0,0,6,0
2,4,2,10,8,16,2,4,4,4,0,12,14,2,16,20,18,12,6,2,0,0,6,0,6,0,4,0,2,4,2,8,6,16,2,4,2,4,4,8,20,16,16,0,2,2,12,2,2,2,4,6,28,50,50,2,4,4,2,4,4,0,0,4,6,0,4,6,14,0,8,2,4,6,18,6,16,10,6,6,10,0,4,2,2,4,2,2,2,2,2,6,2,6,4,4,8,2,6,8,0,0,8,16,0,10,8,24,6,8,4,6,8,2,0,8,2,0,8,12,2,2,10,6,10,2,20,6,2,12,8,18,6,8,16,14,4,10,12,8,4,4,4,0,2,0,2,0,6,0,0,8,2,0,8,4,12,8,4,8,6,2,8,6,6,10,2,10,4,6,8,6,6,2,10,2,8,8,2,4,4,0,2,4,0,10,0,4,6,18,8,2,6,4,2,4,6,8,10,4,0,4,2,2,2,6,22,12,4,10,10,0,0,6,16
18,10,8,28,38,42,14,16,10,14,6,72,50,18,58,56,62,72,36,20,24,28,4,18,34,12,16,8,18,50,30,36,36,22,16,18,28,26,44,72,56,80,62,6,16,30,74,30,26,14,18,22,104,94,186,18,20,30,82,24,52,22,78,16,26,24,20,18,26,16,44,58,44,34,54,44,32,14,52,20,40,2,58,14,32,10,40,26,18,16,34,32,10,20,70,18,12,52,14,44,24,30,20,52,48,40,14,62,36,28,34,60,28,12,56,66,38,28,24,34,28,14,74,30,58,110,98,42,246,92,38,78,100,104,66,156,104,60,90,108,44,22,28,10,24,26,92,40,26,24,28,32,26,14,62,52,38,40,38,22,16,32,120,66,54,68,96,34,30,20,50,18,26,12,6,18,28,32,18,10,20,16,18,66,12,56,38,16,20,36,36,38,16,10,10,14,20,4,10,22,10,24,10,20,14,36,90,44,22,28,74,18,22,36,90
0,2,0,4,2,0,6,4,8,20,10,10,10,0,0,2,0,2,4,4,0,4,10,0,0,0,0,0,24,0,0,0,0,4,0,4,8,8,0,0,4,6,2,0,0,2,0,10,4,6,12,14,0,2,2,112,0,0,4,4,0,0,0,0,0,2,0,2,0,0,2,0,0,6,0,0,0,0,0,0,0,0,0,12,0,2,0,2,0,0,0,4,0,0,0,0,0,2,0,0,8,0,2,0,6,2,0,2,0,0,2,2,2,0,0,2,4,0,2,0,0,0,10,0,2,4,0,0,4,2,0,0,0,2,2,0,2,0,2,0,0,0,0,0,0,0,2,0,2,0,0,2,0,2,2,8,0,0,0,2,0,0,2,0,2,0,0,0,2,0,0,0,0,0,0,0,0,0,0,0,0,0,0,0,0,0,0,0,0,2,0,2,0,0,0,0,0,2,0,0,0,0,0,0,0,0,0,0,2,0,0,0,0,0,0
0,2,0,4,2,14,4,4,6,6,4,16,8,0,2,2,4,6,4,2,4,0,0,0,0,0,6,8,8,2,2,4,8,6,0,0,2,4,0,4,0,4,0,4,0,2,8,4,4,2,2,4,4,0,2,16,226,16,0,176,0,2,2,0,6,4,0,2,4,0,6,8,4,2,0,2,2,4,4,2,0,4,2,2,2,4,2,8,0,4,6,4,0,2,4,4,0,4,0,0,12,2,2,4,14,2,0,4,18,2,0,0,22,2,2,2,16,2,4,32,0,0,32,2,2,2,0,4,2,4,6,4,10,0,0,4,0,0,2,0,0,0,4,4,10,2,0,4,2,2,8,0,0,2,10,6,0,2,2,6,0,4,4,6,4,4,0,2,2,4,0,2,0,0,2,0,0,2,0,0,0,2,2,2,0,2,0,0,2,2,2,4,0,0,2,0,4,0,2,0,0,6,0,8,2,0,2,2,2,2,0,6,0,2,2
4,0,2,0,2,18,0,0,4,0,2,2,2,0,0,0,2,2,4,0,6,2,0,0,2,0,4,2,2,0,2,2,0,2,0,2,4,2,0,2,0,0,2,0,0,0,6,0,2,0,6,2,2,0,0,0,8,82,0,10,2,2,0,0,0,2,0,2,0,6,0,22,0,10,2,2,4,0,0,0,2,0,0,4,0,0,0,0,0,2,0,4,0,4,2,0,0,0,0,6,2,0,2,4,2,0,0,0,8,2,0,2,4,0,8,14,4,0,4,12,0,0,0,2,4,0,4,2,0,0,4,0,6,2,2,0,4,0,0,2,0,0,2,0,0,2,0,0,0,0,2,0,0,0,4,0,0,0,0,2,2,0,0,0,0,0,0,0,0,0,2,0,0,0,0,0,0,0,0,0,0,2,0,0,0,0,0,0,0,2,0,4,0,0,0,2,0,0,0,0,0,0,0,0,2,0,8,4,0,2,0,0,2,0,0
10,4,4,18,2,20,4,8,2,6,0,10,16,10,6,12,10,0,6,6,2,6,4,10,16,6,2,2,0,0,0,6,6,10,2,14,0,2,6,12,10,10,4,4,2,2,4,0,6,4,0,0,8,14,24,2,4,4,26,0,44,4,28,10,44,8,20,2,32,2,16,0,8,6,24,20,30,8,18,6,12,0,14,0,0,2,6,4,6,0,10,2,20,2,4,6,6,6,22,14,0,10,16,16,18,6,12,16,2,8,10,4,4,4,10,22,12,16,4,6,10,0,20,6,12,14,24,6,28,18,2,26,10,24,30,26,12,18,22,12,12,0,6,0,10,12,12,14,4,6,2,18,12,6,40,22,14,16,32,4,6,6,8,14,10,12,16,10,8,10,20,6,10,4,2,2,4,2,4,0,0,6,6,2,6,4,6,2,4,6,14,8,6,4,0,4,4,6,4,4,4,4,2,2,2,0,4,8,2,16,6,0,4,8,14
4,4,4,0,6,8,4,0,4,8,2,6,10,0,4,2,6,2,8,2,0,2,4,2,2,0,6,4,4,4,4,0,4,6,2,2,2,4,0,0,2,2,2,0,0,2,6,4,2,0,2,2,0,0,0,12,104,28,0,92,0,4,0,0,0,2,0,2,0,0,0,2,2,4,0,0,2,2,6,4,0,0,4,12,0,0,2,0,0,0,0,2,0,0,2,0,0,0,0,4,12,2,0,0,14,0,2,2,6,0,4,0,6,2,4,2,20,0,0,14,0,0,24,0,4,6,0,6,0,2,0,0,6,0,0,6,4,2,2,0,8,0,2,0,4,0,2,2,2,6,0,0,0,0,0,0,0,0,0,0,8,0,2,4,0,4,0,0,0,2,0,2,0,0,0,0,0,0,4,0,0,0,2,2,0,0,2,0,0,0,0,0,0,0,0,0,0,0,0,4,0,2,2,0,2,0,0,2,6,0,0,2,0,2,0
0,0,0,6,0,4,2,0,2,0,0,0,2,0,4,0,2,0,2,4,0,0,0,2,0,2,0,2,0,0,2,0,0,2,4,0,2,0,0,2,6,2,4,2,2,0,6,4,2,0,0,0,0,0,8,4,2,2,2,0,16,10,8,2,10,2,4,2,2,4,0,2,2,0,2,4,4,0,6,4,2,0,0,0,2,0,2,0,0,0,6,2,0,0,2,0,2,0,2,10,0,0,2,2,0,4,0,2,0,2,4,4,0,0,6,2,0,0,0,2,2,0,4,0,0,2,0,0,6,0,0,2,2,4,6,0,0,0,4,0,2,0,0,0,0,4,6,6,0,2,0,2,2,2,2,2,2,2,4,2,0,0,0,4,4,0,0,2,0,0,4,2,0,0,0,0,0,0,0,0,0,0,0,0,0,0,0,0,4,0,2,0,2,4,4,0,4,2,2,0,4,2,0,0,0,2,0,0,0,0,4,0,2,4,2
2,6,14,2,0,6,0,0,0,2,2,0,2,0,0,0,2,0,0,14,10,2,8,2,2,4,0,0,2,0,0,0,0,4,2,2,0,0,4,2,0,2,4,2,2,4,0,8,2,4,0,2,0,0,2,4,0,0,0,0,2,26,2,32,0,32,2,30,4,18,2,0,0,0,2,2,0,2,0,0,2,6,0,0,0,2,0,4,0,0,0,10,0,2,2,0,0,0,4,6,2,2,0,0,6,2,0,2,0,2,2,2,0,0,2,2,2,2,14,6,2,8,2,2,2,4,2,0,2,0,2,2,0,2,0,2,2,0,4,0,2,0,4,0,0,0,0,0,2,4,2,0,2,0,0,0,0,2,2,0,4,0,2,0,2,2,0,4,0,0,2,0,4,0,0,0,0,0,0,0,0,0,0,0,2,0,2,0,2,0,0,0,0,2,0,0,2,2,0,0,0,0,2,2,0,0,2,2,2,4,2,0,0,0,0
2,2,0,18,12,8,0,2,0,2,4,6,12,6,10,6,2,18,6,6,8,2,6,12,22,10,2,4,6,14,2,8,10,10,2,8,2,6,14,16,12,14,12,14,2,8,18,18,10,4,0,6,12,18,12,4,8,12,20,4,34,10,26,4,40,6,40,4,24,8,20,16,4,4,12,16,16,6,10,2,10,6,6,6,0,2,8,10,0,6,8,10,8,6,6,4,10,4,20,10,4,10,10,4,2,8,24,20,2,4,14,6,12,6,16,6,2,14,10,2,16,6,2,12,12,12,10,2,16,20,6,14,8,16,20,18,16,22,22,16,6,2,0,0,4,2,24,8,12,10,6,4,16,6,18,16,8,8,8,10,14,4,8,14,10,16,14,12,14,6,8,8,4,6,0,6,8,6,4,0,6,4,12,14,0,2,2,2,8,16,8,12,2,4,0,2,4,8,2,4,2,4,0,6,4,6,14,4,8,10,8,2,6,8,8
16,16,8,8,4,6,0,14,0,6,6,6,6,12,2,2,10,6,2,48,18,10,4,12,2,8,2,2,2,2,2,4,0,2,2,6,0,4,4,4,6,8,4,18,8,10,8,4,8,10,8,8,4,0,4,8,8,2,2,2,2,148,0,144,2,134,12,86,4,80,0,6,6,0,4,4,2,8,2,14,6,20,0,12,0,6,0,14,0,12,8,24,6,20,0,2,4,4,2,6,0,4,8,2,6,0,8,6,10,2,4,2,2,4,4,2,0,2,26,6,0,30,2,2,6,2,6,4,16,4,6,6,12,4,0,0,4,0,6,0,0,0,2,0,0,0,0,2,0,0,4,0,6,0,6,6,4,2,2,6,16,6,4,4,4,6,0,6,4,2,6,0,2,0,0,2,2,2,0,2,0,2,2,2,0,4,2,4,6,2,0,0,0,4,0,0,0,0,0,0,6,2,2,4,0,0,2,0,4,0,2,2,4,0,2
4,0,0,2,2,0,0,0,0,0,4,8,0,2,2,8,0,2,4,2,0,0,0,2,2,0,0,0,2,0,2,2,4,2,2,0,0,0,0,2,2,2,0,0,0,0,0,0,0,0,2,0,0,0,0,4,2,0,2,0,8,2,4,0,26,2,14,0,8,0,0,0,0,0,2,4,2,0,0,0,8,0,2,2,0,0,0,0,0,2,0,0,0,0,0,2,2,0,0,0,0,0,0,0,2,2,0,2,2,2,0,4,0,0,0,0,0,0,0,0,4,0,2,2,0,0,8,0,4,2,0,4,0,0,4,2,2,0,2,0,0,0,0,0,0,0,0,0,0,2,2,0,0,0,2,0,2,2,4,0,0,0,4,0,0,0,2,0,0,0,2,0,0,2,2,0,0,0,0,0,0,2,0,0,0,0,0,0,0,0,2,2,0,0,0,0,0,0,0,0,0,0,2,0,0,0,6,0,2,2,0,0,0,0,2
2,0,2,0,0,0,0,2,0,0,0,0,0,0,0,0,0,0,0,2,2,0,0,0,0,0,0,0,0,0,0,0,0,2,0,0,0,0,0,0,0,0,0,0,0,2,0,0,0,0,0,0,0,0,0,0,0,2,0,0,0,10,0,16,0,24,0,10,0,22,0,0,0,0,0,6,0,2,0,0,0,4,0,0,0,0,0,2,0,0,2,4,0,2,0,0,0,0,4,4,0,0,0,0,0,0,0,0,0,0,0,0,0,0,0,2,0,0,12,0,0,4,0,0,0,0,0,0,0,0,0,0,2,0,0,0,0,0,0,0,0,0,0,0,0,0,0,0,0,0,0,0,0,0,0,0,0,0,0,0,0,0,0,2,2,0,2,0,0,0,0,0,0,0,2,0,0,0,2,0,0,0,0,0,0,0,0,0,0,0,0,0,0,0,0,0,0,0,0,0,2,0,0,0,0,0,0,0,0,0,0,0,2,0,0
2,4,2,4,6,6,0,2,0,0,2,4,2,6,8,14,2,8,2,4,4,0,0,14,8,6,0,0,2,2,2,4,4,4,2,2,2,4,4,0,8,4,4,2,2,4,20,8,0,0,2,0,10,6,10,8,8,0,18,0,30,4,24,2,24,8,50,4,46,4,0,8,10,10,6,12,4,16,2,6,8,2,0,2,0,0,6,0,0,0,10,2,6,4,4,12,6,6,10,18,2,0,14,2,2,8,12,0,2,2,12,12,2,2,10,8,0,6,6,2,6,0,2,4,6,4,8,0,4,8,4,12,6,12,4,4,6,2,0,0,0,0,4,0,6,0,2,6,2,10,0,10,2,4,18,6,16,6,4,6,0,4,6,8,0,4,2,10,6,2,8,6,2,4,0,4,2,0,10,2,4,2,0,6,0,4,0,6,2,8,4,2,0,2,0,2,6,0,0,6,2,4,4,12,2,0,2,6,2,2,4,6,0,4,4
2,4,4,2,2,0,0,0,2,0,0,4,2,0,0,0,0,4,2,14,14,0,0,6,0,2,0,0,0,2,0,0,0,0,0,2,2,8,0,4,0,0,4,2,4,4,0,2,8,2,4,0,0,0,8,0,0,0,0,0,0,16,4,18,4,18,2,14,0,28,0,2,0,0,4,2,0,2,0,10,0,8,0,2,0,2,0,2,0,2,0,16,0,10,0,2,8,0,2,2,0,0,2,0,2,0,0,0,2,0,0,0,2,0,2,0,0,0,10,4,2,8,0,6,0,0,0,2,0,0,0,0,4,0,4,0,2,0,2,2,0,0,0,0,0,2,2,0,2,0,2,0,0,0,0,0,2,2,4,0,0,0,0,0,0,4,2,2,0,2,0,4,0,2,0,2,0,0,0,0,0,0,0,0,0,0,0,0,0,0,0,0,0,2,0,0,0,0,0,0,0,2,0,2,2,2,0,8,0,0,0,0,0,0,0
0,0,0,4,0,0,0,0,0,0,0,0,0,0,0,0,0,0,0,0,0,0,0,0,2,0,0,0,0,0,0,0,0,0,0,0,0,0,0,2,0,0,0,0,0,0,0,0,0,0,0,0,0,2,0,2,0,0,2,0,6,0,2,0,0,0,0,0,24,0,0,0,0,2,0,0,0,0,0,2,0,0,2,0,0,2,0,0,0,0,4,0,0,0,0,0,0,0,0,4,0,0,0,2,0,0,0,4,0,2,0,2,0,0,0,0,0,2,0,0,0,0,2,2,0,0,0,0,0,0,0,0,0,0,0,0,0,0,0,0,2,0,2,0,2,0,0,0,0,2,4,2,0,0,10,0,2,0,0,0,0,0,0,0,2,0,2,0,2,0,0,0,0,0,0,0,0,0,4,0,0,0,0,0,0,0,0,0,0,0,0,0,0,0,0,0,0,0,0,0,0,0,0,0,0,0,0,0,0,2,0,0,0,0,0
2,4,6,0,4,6,2,0,0,4,2,2,10,0,0,8,2,0,0,12,4,2,2,6,0,2,0,4,2,4,0,6,2,0,4,2,4,2,4,2,0,6,2,8,0,0,8,0,2,6,0,2,2,2,2,8,0,10,0,0,2,20,2,38,6,42,0,16,8,56,6,6,0,2,2,6,4,0,8,8,0,2,2,4,0,8,2,4,0,10,8,10,2,8,4,2,2,0,10,0,2,0,4,0,2,0,0,2,2,10,6,2,2,0,4,4,2,6,4,0,14,12,6,8,6,2,8,0,2,2,4,0,4,2,6,2,8,6,0,0,6,0,2,0,0,0,0,0,0,6,0,4,8,0,8,2,2,2,2,2,4,4,4,0,0,2,0,4,0,2,6,0,4,0,2,0,4,2,16,0,0,2,0,6,2,6,0,0,2,0,0,2,2,2,0,4,0,2,0,2,0,0,4,4,2,0,0,2,6,6,0,4,0,2,0
0,0,0,10,6,4,2,2,0,2,2,6,0,4,8,8,6,4,14,2,0,0,2,0,2,0,0,0,2,8,0,2,4,4,0,2,0,0,14,2,10,10,8,6,4,0,16,2,2,0,0,6,4,2,4,2,0,0,2,0,4,0,4,0,2,2,4,0,2,0,34,4,10,0,12,2,6,0,36,0,12,0,12,2,4,0,0,6,0,2,2,2,0,0,0,0,6,0,4,6,0,8,10,0,4,2,4,2,2,0,4,0,0,4,4,0,4,0,4,2,0,2,4,2,6,4,12,2,10,12,0,16,4,6,4,16,10,6,14,14,8,8,2,2,2,0,4,0,2,4,0,0,0,2,4,2,0,4,2,0,2,6,4,6,4,6,2,8,0,2,6,0,0,2,0,2,0,4,4,2,0,0,2,0,0,2,0,2,2,0,0,6,0,0,2,2,2,2,2,2,2,0,0,0,0,0,0,4,4,2,6,0,4,4,2
8,2,4,12,22,16,2,0,0,6,4,20,6,2,4,10,8,12,10,0,2,0,4,0,2,4,4,4,4,12,2,2,4,8,0,4,2,6,0,4,6,6,10,2,0,2,40,0,2,2,4,4,8,6,12,6,6,34,4,2,0,6,4,8,0,6,4,2,2,2,4,84,0,104,10,0,4,0,2,0,4,2,4,2,0,4,4,4,2,2,4,0,0,0,2,0,0,4,0,2,4,6,6,0,6,8,2,8,4,6,4,4,10,6,0,6,4,6,0,2,2,2,4,8,22,6,6,44,8,6,48,0,46,6,2,10,2,6,4,10,2,0,0,0,8,0,0,0,0,2,0,0,0,0,6,4,6,0,2,0,0,2,8,8,2,2,0,8,2,8,4,0,0,10,2,0,2,6,6,0,6,0,0,10,4,2,6,4,6,6,2,2,0,0,6,0,4,4,0,2,2,2,2,2,0,2,6,6,20,0,12,8,4,0,2
2,0,0,2,4,0,0,2,0,0,2,2,2,2,2,0,2,2,2,0,2,0,0,0,0,0,2,2,0,0,0,2,2,2,2,0,0,0,2,8,2,6,0,2,2,4,2,0,0,0,0,0,0,2,0,2,2,2,6,0,2,0,4,0,2,0,2,0,2,0,8,0,4,0,2,4,4,0,4,0,0,0,6,0,0,2,2,0,8,0,6,0,2,0,2,0,0,2,4,0,0,0,2,0,4,0,0,2,0,2,0,2,0,0,2,4,4,0,6,0,4,0,2,0,6,2,2,12,2,0,0,0,0,10,2,2,0,6,0,2,4,0,4,0,0,0,2,2,8,2,0,0,0,0,8,0,0,4,0,2,2,2,0,2,2,4,2,0,0,0,2,0,0,2,0,4,0,0,0,0,0,0,0,0,0,2,0,0,2,0,0,0,0,0,0,0,0,4,2,0,0,0,2,0,0,2,2,0,0,2,0,0,0,0,4
0,0,0,8,2,6,0,0,0,0,0,0,4,0,0,4,2,4,2,2,0,0,2,0,0,0,0,0,0,2,0,0,0,6,0,0,0,0,0,2,0,6,0,0,2,0,10,0,0,0,2,0,0,2,0,2,4,12,0,4,0,0,0,2,0,0,0,4,0,0,2,38,0,48,0,0,2,4,0,0,0,0,2,2,0,0,2,0,0,0,2,0,0,0,2,2,0,2,0,4,0,0,0,2,2,2,0,4,2,0,0,0,0,0,0,0,0,0,0,0,0,0,4,0,4,0,0,18,6,0,14,0,8,8,0,0,0,0,0,0,0,0,2,0,0,0,2,2,0,0,0,0,0,0,2,2,2,0,4,0,0,2,2,0,2,0,2,0,2,0,0,0,0,0,2,0,0,2,0,0,2,0,0,2,0,0,0,0,0,0,0,2,0,0,0,0,2,0,0,0,0,0,0,0,0,0,0,0,0,0,0,0,2,0,2
0,0,0,0,0,0,0,0,0,0,0,2,0,0,0,0,0,4,0,0,0,0,0,0,0,0,0,0,0,0,0,0,0,0,0,0,0,0,0,0,0,0,0,0,0,0,0,0,0,0,0,0,0,0,2,0,0,0,0,0,0,0,0,0,0,0,0,0,0,0,0,0,0,0,4,0,4,0,0,0,0,0,0,0,2,0,0,0,0,0,0,0,0,0,0,0,0,0,0,4,0,0,0,0,0,0,0,0,0,0,0,0,0,0,0,0,0,0,0,0,0,0,0,0,0,6,0,0,0,0,0,0,0,0,0,0,0,2,0,0,0,0,0,0,0,0,0,0,0,0,0,0,2,0,0,0,0,0,0,0,0,0,0,0,0,0,0,0,0,0,0,0,0,0,2,0,0,0,0,0,0,0,0,0,0,0,0,0,0,0,0,0,0,0,0,0,0,0,0,0,0,0,0,0,0,0,0,0,0,0,0,0,0,0,0
2,2,4,4,2,2,0,0,0,0,0,2,0,2,0,0,0,0,0,0,0,0,0,4,2,8,0,0,2,0,0,0,0,0,0,2,4,0,4,8,2,2,4,0,0,2,8,0,0,2,0,0,0,2,2,4,0,0,2,0,8,0,2,0,0,0,14,2,0,2,2,0,2,0,0,34,0,8,4,4,2,0,0,0,6,0,0,0,0,4,2,6,8,0,4,0,4,0,6,8,0,6,14,0,4,2,12,0,4,4,4,2,2,0,0,0,0,2,2,2,4,0,0,4,6,0,6,2,2,4,2,2,0,2,2,2,0,4,2,0,2,0,0,0,2,4,2,0,0,4,0,8,0,0,4,2,2,2,0,0,0,2,4,2,2,2,0,6,0,0,10,0,2,0,0,2,4,0,0,0,2,0,0,0,0,4,0,6,0,0,0,0,0,4,2,0,6,2,0,0,12,4,6,4,0,0,2,0,2,12,0,0,0,2,0
0,0,0,0,0,0,0,0,0,0,0,0,0,0,0,0,0,0,0,0,0,0,0,0,0,0,0,0,0,0,0,0,0,0,0,0,0,0,0,0,0,0,0,0,0,0,0,0,0,0,0,0,0,0,0,0,0,0,0,0,0,0,0,0,0,0,0,0,0,0,0,0,0,0,0,0,2,0,0,0,0,0,0,0,0,0,0,0,0,0,0,0,0,0,0,2,0,0,0,0,0,0,0,0,0,0,0,0,0,0,0,0,0,0,0,0,0,0,0,0,0,0,0,0,0,0,0,0,0,0,0,0,0,0,0,0,0,0,2,0,0,0,0,0,0,0,0,0,0,0,0,0,0,0,0,0,0,0,0,0,0,0,2,2,0,0,0,0,0,0,0,0,0,0,0,0,0,2,0,0,0,0,0,0,2,0,0,0,0,0,0,0,0,0,0,0,0,0,0,0,0,0,0,0,0,0,0,0,2,0,0,0,0,0,0
0,0,0,0,0,0,0,0,0,0,0,0,0,2,0,0,0,0,0,0,0,0,0,0,0,0,0,0,0,0,0,2,0,0,0,0,0,0,2,0,0,2,0,0,0,0,0,0,0,0,0,0,0,0,0,0,0,0,0,0,0,0,0,0,0,0,0,0,0,0,0,0,0,0,0,0,0,4,0,0,0,0,0,0,0,0,0,0,0,0,0,0,4,0,0,2,0,0,0,0,0,0,0,0,0,0,0,0,2,0,0,0,0,2,2,0,0,0,0,2,0,0,0,0,0,2,0,0,0,2,0,0,0,0,0,0,0,0,0,0,0,0,0,0,0,0,0,0,0,2,0,0,0,0,0,0,0,0,0,0,0,0,0,2,2,0,0,0,0,0,0,0,0,0,0,0,0,0,0,0,0,0,0,0,0,0,0,0,0,0,0,0,0,0,0,0,0,0,0,0,0,0,0,0,0,0,0,0,0,0,0,0,0,0,0
0,0,0,0,0,0,0,0,0,0,0,0,0,0,0,0,0,0,0,0,0,0,0,0,0,0,0,0,0,0,0,0,0,0,0,0,0,0,0,0,0,0,0,0,0,0,0,0,0,0,0,0,0,2,0,0,0,0,0,0,2,0,2,0,0,0,0,0,0,0,0,0,0,0,2,0,4,0,4,2,6,0,0,0,0,0,0,0,0,0,0,0,0,0,0,0,0,2,0,0,0,0,0,0,0,0,0,0,0,0,0,0,0,0,0,0,0,2,0,0,2,0,0,0,0,0,2,0,0,2,0,0,0,0,0,0,0,4,2,2,2,0,0,0,0,0,0,0,0,2,2,0,0,0,2,0,0,0,0,0,0,0,0,0,0,0,0,0,0,0,0,0,0,0,0,0,0,2,0,0,0,0,0,0,0,0,0,0,0,0,0,0,0,0,0,0,0,0,0,0,0,0,0,0,0,0,0,0,0,2,0,0,0,0,2
26,24,30,4,2,14,8,2,2,6,10,14,10,12,12,12,6,6,2,22,30,4,20,28,22,16,2,0,4,8,0,4,4,6,6,16,2,10,0,12,4,10,2,42,46,46,16,26,8,6,2,12,8,6,8,14,14,6,8,6,6,24,12,50,6,30,4,24,6,18,12,6,0,16,2,16,2,24,0,90,10,44,4,10,4,20,10,26,0,4,12,6,6,16,14,12,8,2,8,12,6,4,6,4,10,2,8,14,14,8,22,10,14,6,48,2,10,14,44,10,30,12,22,30,10,8,12,2,18,4,2,6,14,6,4,16,16,16,4,10,8,6,4,6,18,4,20,18,8,20,4,16,18,12,48,22,18,20,22,12,14,6,16,10,8,10,16,12,4,16,14,12,4,2,2,4,2,2,16,2,0,2,12,4,0,18,0,6,14,2,0,6,2,4,4,4,0,0,0,2,4,16,4,2,12,8,6,6,4,10,12,16,16,10,8
0,0,0,2,0,0,0,0,0,0,0,0,0,0,4,0,4,0,0,0,0,0,0,0,0,0,0,0,0,0,4,0,0,0,0,0,0,0,0,2,2,6,4,0,0,2,2,2,0,0,0,0,4,2,0,0,0,0,2,2,0,0,0,0,0,0,0,0,0,0,0,0,0,2,2,0,6,0,4,4,12,0,0,0,2,0,0,0,0,0,0,2,0,0,0,0,2,0,0,2,0,0,0,2,0,0,0,0,0,0,0,2,0,0,0,4,0,0,2,0,2,2,0,0,0,6,4,0,4,0,0,10,0,4,6,2,8,6,14,6,0,0,0,0,2,0,0,0,0,0,0,0,0,0,0,0,2,2,0,0,6,0,2,4,0,4,4,0,0,0,0,0,2,0,0,0,0,0,0,0,0,0,0,0,0,0,0,2,0,0,0,0,0,0,0,0,0,0,0,0,0,0,0,0,0,0,0,0,0,0,0,2,2,2,4
50,32,28,22,4,8,4,10,6,6,10,16,16,12,6,8,4,12,10,62,82,22,12,26,12,26,8,6,4,12,8,8,8,4,0,24,4,16,16,12,8,10,2,28,42,48,10,22,14,12,6,12,10,8,8,14,4,6,18,16,12,78,24,104,10,128,16,94,10,72,8,0,12,18,14,24,4,42,12,50,2,150,8,18,12,26,14,36,14,32,26,52,10,42,2,22,10,0,38,18,14,12,30,2,12,0,16,10,2,8,42,4,8,2,68,6,16,20,74,8,46,32,14,32,14,10,8,6,18,14,6,10,16,18,14,10,10,16,14,20,26,10,18,22,24,26,38,34,18,18,12,34,28,16,48,32,22,26,38,10,10,20,26,18,18,4,28,8,4,14,20,8,8,4,2,2,6,0,22,2,0,0,2,2,2,4,2,6,16,6,0,4,0,4,6,4,2,4,8,0,4,4,8,6,8,2,8,0,4,22,6,14,40,20,28
0,0,0,0,0,2,2,2,0,0,0,0,0,0,0,0,0,0,0,0,0,0,0,0,0,0,0,2,0,2,2,2,2,0,0,0,0,0,0,0,2,0,4,0,0,0,0,0,0,0,0,0,0,0,0,0,0,0,2,0,4,0,0,0,0,0,2,0,2,0,14,0,6,0,14,0,4,0,6,0,6,0,18,0,6,0,2,0,2,0,0,0,0,0,0,0,0,0,0,2,0,0,2,0,0,0,2,2,0,0,0,0,0,0,0,0,0,0,0,0,0,0,0,2,0,2,0,0,4,0,0,0,2,0,0,2,0,0,0,4,2,0,0,0,0,0,0,0,2,0,0,0,0,2,0,0,0,0,0,2,0,0,6,4,0,4,0,0,4,0,0,0,0,0,0,0,0,0,0,0,0,0,0,0,0,0,0,0,0,0,0,0,0,0,0,0,0,0,0,0,0,0,0,0,0,0,0,0,0,2,2,0,0,0,0
0,0,0,0,0,0,0,0,4,20,22,0,2,0,0,0,0,0,0,0,2,2,2,0,0,0,2,2,6,0,0,0,0,2,2,0,0,0,0,0,0,0,0,0,0,0,0,0,2,2,0,4,0,0,0,8,4,0,0,2,0,0,0,0,0,2,0,0,0,0,0,0,0,0,0,0,0,2,0,0,0,0,0,136,0,2,0,0,0,4,0,6,0,0,0,0,0,0,0,0,0,0,0,0,2,0,0,0,0,0,0,2,0,0,0,0,0,0,0,2,0,0,4,0,0,0,0,0,0,0,0,0,0,0,0,0,0,0,0,0,0,0,0,0,0,0,0,0,0,0,0,2,0,0,0,0,0,0,0,0,0,0,0,0,0,0,0,0,0,0,0,0,0,0,0,0,0,0,0,0,0,0,0,0,0,0,0,0,0,0,0,0,0,0,0,0,0,2,0,0,0,0,0,0,0,0,0,0,0,0,0,0,0,0,0
0,2,4,10,4,24,6,6,2,8,0,16,6,2,14,14,8,12,16,4,8,0,0,0,10,6,0,0,0,42,10,26,18,16,0,6,2,8,10,8,10,18,6,4,2,2,18,2,0,0,0,0,6,10,12,2,6,6,10,8,4,4,14,4,6,2,12,2,10,8,46,10,16,14,26,4,4,2,14,0,10,6,30,12,50,2,28,4,18,6,8,8,0,8,0,2,2,2,2,16,18,0,8,2,10,6,2,8,8,4,14,2,12,2,10,4,4,8,4,8,2,2,10,6,14,10,4,8,14,10,12,14,14,14,10,10,14,20,14,12,18,12,20,12,6,12,6,14,6,10,2,12,0,16,30,18,8,16,14,2,0,8,18,14,10,20,32,14,4,2,8,0,8,0,4,4,4,4,0,2,8,6,2,4,2,6,4,4,4,2,6,0,2,4,0,2,4,0,2,0,0,0,2,0,2,0,8,2,8,2,14,8,4,14,10
2,0,0,0,0,0,0,2,4,0,0,2,2,0,0,0,0,0,0,4,12,4,6,2,0,0,0,0,2,0,2,0,0,0,12,14,0,2,0,0,0,0,2,0,2,2,2,2,4,8,4,2,2,0,10,10,2,4,2,0,0,0,2,2,0,0,0,2,0,4,0,0,0,0,0,0,0,0,2,4,0,2,0,4,0,18,0,4,0,0,0,12,0,2,0,0,0,0,0,4,2,0,2,0,0,0,0,0,0,0,0,2,0,0,0,0,0,0,8,0,2,0,0,0,0,4,0,2,0,0,0,0,2,0,4,0,2,0,6,0,0,0,0,0,0,0,0,0,0,2,4,0,0,0,0,0,4,0,0,6,2,0,0,0,0,0,0,6,2,0,2,0,0,0,0,0,0,2,0,0,0,0,0,2,0,2,2,0,0,2,0,0,0,0,2,0,0,0,2,0,0,0,0,0,0,0,0,0,0,2,0,0,0,0,0
0,0,0,2,2,0,0,0,0,0,0,2,0,0,2,2,2,0,0,4,0,0,0,0,0,0,0,0,0,4,0,8,2,0,0,0,0,0,0,0,4,0,0,0,0,0,4,0,0,0,2,0,0,2,2,0,0,0,0,0,2,2,0,0,0,0,0,2,0,0,6,0,2,0,8,2,4,0,2,0,2,0,14,0,6,0,14,0,6,0,4,0,0,0,0,0,0,2,0,2,0,0,0,0,0,0,2,2,0,0,2,0,0,0,2,0,2,2,0,0,2,0,4,0,0,0,0,0,2,0,0,2,2,4,2,0,6,0,2,2,6,6,0,0,0,0,4,4,0,2,2,0,0,0,2,4,0,2,2,0,0,4,2,8,0,4,6,0,2,0,2,0,2,0,0,0,0,0,0,0,0,2,0,0,0,0,0,0,0,0,0,0,0,0,0,0,0,0,0,0,0,0,0,0,0,0,0,0,4,0,0,0,4,6,2
0,6,8,2,2,4,2,4,0,0,2,4,4,0,4,2,2,0,4,6,4,0,2,6,10,8,0,0,0,0,0,2,0,4,8,10,4,8,0,2,2,4,6,6,6,4,0,0,2,4,0,0,4,2,6,6,2,0,0,0,0,8,0,14,4,12,2,12,4,16,0,2,0,2,2,0,0,2,0,10,2,4,4,2,0,4,2,20,0,10,6,30,2,12,0,4,6,0,2,2,4,0,2,4,2,0,4,2,2,0,0,0,2,0,8,0,0,2,4,0,0,4,0,2,6,2,0,2,12,0,0,2,4,2,0,4,2,2,2,0,2,0,2,0,2,0,2,0,0,2,0,2,4,6,0,4,2,0,0,2,10,6,0,0,2,0,0,2,4,2,0,0,0,0,0,0,0,0,0,0,2,0,0,6,0,2,0,0,0,2,0,0,0,0,6,0,0,0,0,0,0,0,0,0,2,0,2,0,0,6,0,4,0,0,0
22,18,10,98,56,60,56,30,2,6,10,72,52,12,32,28,46,44,46,22,4,10,12,12,20,22,14,8,20,116,52,44,32,46,22,20,22,30,38,68,36,54,54,22,16,22,92,34,10,8,10,12,50,36,48,38,24,46,60,32,36,20,74,26,44,24,58,22,30,10,94,28,104,42,74,32,90,24,96,20,58,10,92,14,50,14,66,26,92,24,28,26,24,30,28,22,18,18,30,48,14,18,44,12,20,34,30,32,32,8,36,24,28,6,68,18,12,36,26,24,46,20,28,26,56,38,58,14,56,32,26,52,54,48,56,90,74,56,54,42,64,54,76,46,74,36,76,54,36,66,48,30,42,36,68,72,42,50,66,36,34,40,58,54,52,92,66,44,16,22,22,14,14,12,6,12,6,14,20,10,18,20,22,26,16,30,20,10,20,28,16,20,14,8,4,14,12,2,8,14,14,16,10,10,12,20,10,24,18,34,34,42,26,62,34
0,12,2,2,6,2,2,0,0,0,2,4,2,0,2,2,0,2,0,4,4,10,2,0,8,8,0,0,2,2,0,2,2,2,6,26,0,2,2,0,4,0,4,6,8,6,10,6,4,0,2,0,6,2,4,16,0,0,2,8,2,14,0,22,0,12,4,22,0,22,4,4,2,2,2,6,0,0,0,0,0,10,0,2,0,22,0,26,0,58,2,56,0,20,2,2,6,2,6,0,6,0,6,2,2,2,4,0,0,2,0,2,10,0,8,4,2,8,10,0,2,6,4,6,10,4,0,2,0,0,6,6,6,0,2,0,2,0,0,0,2,0,2,0,10,0,2,2,4,0,6,0,0,6,8,2,0,6,4,2,12,4,0,0,4,0,2,0,2,6,6,0,2,0,0,0,0,2,2,0,2,2,2,0,0,2,2,2,2,2,0,2,4,0,0,4,2,0,0,2,0,2,0,0,0,0,0,4,2,2,2,4,0,0,0
0,4,0,2,2,2,0,0,0,0,2,0,0,0,0,0,0,0,0,0,2,0,0,2,8,10,0,0,0,0,2,0,0,0,0,0,0,0,0,0,0,2,2,0,0,0,0,2,0,0,0,0,0,2,0,0,0,0,2,0,2,0,0,0,2,2,2,0,0,0,0,0,0,0,0,0,0,6,2,2,2,2,0,0,2,0,0,2,0,0,10,0,14,0,2,8,0,0,14,2,0,0,10,2,0,0,18,0,0,0,4,0,0,0,16,2,2,0,0,0,2,0,0,6,0,2,0,0,0,2,0,2,0,0,2,0,4,2,8,0,6,0,0,2,2,0,2,0,0,6,0,4,0,0,0,2,2,0,4,2,4,2,2,0,0,2,0,4,0,2,2,0,2,4,0,2,0,0,0,0,0,0,0,0,0,0,0,4,0,0,2,0,0,2,0,0,0,0,0,0,0,0,0,0,2,0,0,0,0,2,6,0,0,2,2
2,0,4,0,2,6,0,8,6,0,0,0,0,4,2,0,2,4,4,4,2,0,2,0,8,2,2,0,2,0,0,4,0,2,2,0,0,0,0,2,2,4,0,2,0,4,2,0,4,0,2,2,4,0,10,10,2,0,0,2,0,4,2,14,2,8,0,12,6,8,0,2,0,2,0,0,2,4,2,2,0,4,2,0,0,6,0,14,0,8,2,18,2,14,2,0,0,0,0,2,0,0,6,2,2,0,2,0,0,2,0,0,0,0,10,0,2,0,8,2,4,6,4,0,8,0,0,4,2,6,8,0,2,4,0,0,2,0,4,0,0,0,0,0,0,8,2,0,2,0,2,6,0,2,12,6,10,6,2,10,0,0,6,0,0,0,0,2,2,2,4,0,0,0,2,0,0,0,2,0,0,2,0,2,0,2,0,0,0,2,0,0,0,2,0,0,2,0,0,0,0,0,0,0,4,2,2,2,0,2,2,0,6,2,2
22,12,10,6,2,14,2,4,0,2,0,8,8,0,8,8,8,6,4,2,8,0,2,24,56,28,0,2,2,8,0,0,4,2,0,6,4,10,4,6,6,12,4,2,0,8,16,6,8,4,0,4,14,18,12,8,4,2,16,10,6,8,22,10,2,4,8,8,8,2,4,4,6,6,10,42,4,54,0,4,2,0,6,6,0,2,2,18,0,18,60,14,36,16,8,28,2,2,18,14,6,4,26,4,8,4,26,6,4,4,12,6,4,0,52,8,2,6,0,8,24,0,16,30,4,4,4,0,4,4,0,2,4,6,6,8,4,6,8,6,6,0,10,0,8,10,14,8,6,12,8,8,10,12,20,14,12,12,10,10,8,2,10,12,12,8,10,4,12,12,12,10,2,6,0,0,4,0,4,0,2,0,4,10,2,6,0,4,0,6,2,4,4,4,0,4,4,0,2,2,0,4,0,2,8,0,2,10,6,8,8,12,12,14,6
2,4,0,2,8,4,0,0,0,0,0,0,4,0,2,2,4,0,2,4,0,0,2,0,2,2,0,0,0,0,0,0,2,4,2,6,4,0,6,0,2,2,0,2,6,6,2,2,2,4,2,0,0,0,0,0,0,0,2,0,4,4,0,10,0,10,0,4,0,30,2,2,0,0,0,2,0,6,2,0,0,0,0,4,2,8,0,16,0,6,6,26,6,48,2,0,0,0,0,0,2,2,4,2,2,0,0,8,0,2,2,2,4,0,2,0,4,4,2,2,4,2,0,2,0,0,2,2,0,0,4,0,0,0,0,2,2,0,2,2,0,2,0,0,0,0,0,0,0,4,0,0,4,4,4,0,2,0,0,2,4,2,0,0,0,0,0,6,0,0,0,0,2,0,0,0,0,0,4,0,0,2,0,0,0,0,0,0,0,0,0,0,0,0,0,0,0,0,0,0,2,0,0,0,0,0,0,2,0,2,0,0,2,0,2
0,0,0,0,0,0,0,0,0,0,0,0,0,0,0,0,0,0,0,0,0,0,0,0,0,0,0,0,0,0,0,0,0,0,0,0,0,0,0,0,0,0,0,0,0,0,0,0,0,0,0,0,0,0,0,0,0,0,0,0,0,0,0,0,0,0,0,0,0,0,2,0,0,0,0,0,0,0,0,0,0,0,0,0,0,0,0,0,2,0,0,0,0,0,10,0,0,6,0,0,0,0,0,0,0,12,0,0,2,0,0,0,0,2,2,0,0,0,0,0,0,0,0,0,0,0,0,0,0,0,0,0,0,0,0,0,0,0,0,0,0,0,0,0,0,0,0,0,0,0,0,2,0,0,0,0,0,0,0,0,0,0,0,0,0,0,0,0,0,0,0,0,2,2,0,0,0,0,0,4,0,0,6,12,26,18,16,0,2,2,0,0,0,0,0,0,4,2,0,2,0,2,0,0,0,0,2,0,0,0,0,0,0,0,0
0,0,0,0,0,0,0,0,0,0,0,0,0,0,0,0,0,0,0,0,0,0,0,0,0,0,0,0,0,0,0,0,0,0,0,0,0,0,0,0,0,0,0,0,0,0,0,0,0,0,0,0,0,0,0,0,0,0,0,0,0,0,0,0,0,0,0,0,0,0,0,0,0,0,0,0,0,2,0,0,0,0,0,0,0,0,0,0,0,0,0,0,0,0,0,2,0,0,0,0,0,0,0,0,0,0,0,0,0,0,0,0,0,0,0,0,0,0,0,0,0,0,0,0,0,0,0,0,0,0,0,0,0,0,0,0,0,0,0,0,0,0,0,0,0,0,0,0,0,0,0,0,0,0,0,0,0,0,0,0,0,0,0,0,0,0,0,0,0,0,0,0,0,0,0,0,0,0,0,0,0,0,0,0,0,0,0,0,0,0,0,0,0,0,0,0,0,0,0,0,0,0,0,0,0,0,0,0,0,0,0,0,2,0,0
0,0,0,0,0,0,2,0,0,0,0,0,0,4,0,0,0,4,0,0,0,0,0,0,0,6,0,0,0,0,0,2,0,0,0,0,0,0,0,2,0,0,0,2,2,0,4,2,0,0,0,0,0,0,0,0,0,0,0,2,0,0,2,2,0,0,2,0,0,0,2,2,0,2,0,2,0,0,2,2,0,2,2,0,0,0,0,2,0,0,0,0,2,2,0,0,44,0,0,4,0,4,0,0,0,0,0,0,0,6,0,2,0,0,0,0,0,0,0,0,0,2,0,0,0,0,0,2,0,0,2,0,0,0,0,0,0,0,0,0,0,0,0,0,0,0,0,0,6,0,0,2,0,0,0,0,0,0,0,0,0,0,0,0,0,0,0,14,6,0,2,4,0,2,0,2,0,0,2,0,0,0,0,0,0,2,0,0,2,0,0,0,0,0,0,0,0,0,0,0,0,2,2,0,0,0,0,0,2,2,0,0,0,0,0
0,2,0,0,0,0,0,0,0,0,0,0,2,0,0,0,0,0,2,0,0,0,0,0,0,0,0,0,0,0,0,0,0,0,0,0,0,0,0,0,0,0,0,0,0,0,0,0,0,0,0,2,0,0,0,2,0,0,0,0,0,0,0,0,0,0,0,0,0,0,0,0,0,0,0,0,0,0,0,0,0,0,0,0,0,0,0,0,0,0,0,2,0,0,4,0,0,34,0,0,0,0,0,0,0,8,0,0,0,4,0,0,0,22,0,0,0,0,0,0,0,0,0,0,0,2,0,0,0,0,0,0,0,0,0,2,2,0,2,0,0,0,0,0,0,2,0,0,0,0,2,0,0,0,0,0,0,0,0,2,2,0,0,2,0,0,0,0,0,2,0,0,2,0,0,4,10,2,6,8,6,14,12,26,2,42,8,4,0,6,4,2,4,0,0,4,4,2,2,0,8,0,8,4,0,2,6,8,6,0,2,0,0,0,0
2,4,2,10,8,10,2,6,2,0,0,6,6,12,8,4,4,4,10,4,4,0,2,6,10,8,2,0,0,12,2,4,2,4,0,4,0,6,8,6,10,10,2,8,10,10,4,4,0,4,4,2,6,8,20,10,2,0,26,4,6,2,12,2,22,2,12,4,8,10,8,4,0,6,14,20,16,8,6,8,6,2,4,8,4,2,6,0,2,2,22,0,12,4,2,10,2,0,22,4,6,4,10,0,6,2,6,10,4,8,4,6,4,2,34,8,6,18,0,2,0,2,2,12,8,4,16,2,8,12,2,6,4,14,8,12,8,14,8,6,58,0,10,0,4,4,4,2,4,6,0,10,6,8,22,8,12,6,2,6,10,2,8,4,16,0,24,8,2,16,10,4,6,0,2,0,2,4,8,0,2,0,2,12,0,4,8,6,0,4,2,6,0,4,4,6,10,4,4,6,8,2,6,0,6,8,10,4,4,4,6,0,6,4,2
8,12,8,34,16,24,8,6,2,2,2,16,8,14,18,18,26,22,16,0,4,2,6,22,32,24,2,2,6,10,6,6,22,20,10,12,2,8,18,4,10,10,26,16,24,16,26,10,4,2,4,2,18,10,32,10,18,12,28,14,38,8,22,6,40,14,52,18,46,14,12,14,6,8,2,42,8,26,0,8,4,6,10,6,4,10,2,12,0,12,14,6,10,4,22,4,18,14,8,78,16,26,16,18,10,14,18,34,12,36,16,16,8,4,14,42,10,24,8,22,14,10,10,18,26,6,18,14,20,28,18,26,26,16,8,18,10,18,16,16,8,4,4,0,2,8,6,14,10,8,6,18,2,4,32,20,24,16,8,2,10,0,4,6,6,4,16,46,50,22,60,48,30,6,10,6,14,12,16,4,4,6,8,14,4,18,10,8,20,12,16,20,6,18,4,6,12,8,12,14,6,32,22,28,10,28,44,42,14,28,12,2,6,12,14
0,2,0,4,0,0,2,0,2,0,2,4,0,2,2,0,0,0,2,0,0,0,0,2,0,2,4,0,0,2,2,0,4,4,0,0,2,0,0,0,0,0,0,0,0,0,6,2,0,2,0,4,0,4,0,2,4,6,0,12,0,0,0,0,0,0,0,0,0,0,0,2,2,2,0,0,0,0,0,0,0,2,0,2,0,0,0,2,0,2,0,0,0,0,0,0,0,0,0,0,24,0,0,0,22,0,0,0,14,0,2,0,8,0,0,0,8,0,2,8,0,0,6,0,8,0,0,4,0,0,6,0,4,0,0,2,0,0,0,0,0,0,0,0,0,0,0,0,0,0,0,0,0,2,0,0,0,0,0,0,0,0,2,0,2,0,2,2,0,0,0,0,0,0,0,0,0,0,0,0,0,0,0,0,0,0,2,0,0,0,2,0,0,0,2,0,0,0,0,0,0,0,0,0,0,0,0,0,0,0,0,2,0,0,0
0,0,0,0,0,0,0,0,0,0,0,0,0,0,0,0,0,0,0,0,0,0,0,0,0,0,0,0,0,0,0,0,0,0,0,0,0,0,0,0,0,0,0,2,0,2,0,0,0,0,0,0,0,0,0,0,0,0,0,0,0,0,0,0,0,0,0,0,0,2,0,0,0,0,0,0,0,0,0,0,0,0,0,0,0,0,0,0,0,0,0,0,0,0,0,0,0,0,0,0,0,20,0,0,0,2,0,2,0,44,0,0,0,0,0,0,0,0,0,0,0,0,0,0,0,0,0,0,0,0,0,0,0,0,0,0,0,0,0,0,0,0,0,0,0,0,0,0,0,0,0,0,0,0,0,0,0,0,0,0,0,0,0,0,0,0,0,0,0,18,4,0,2,0,0,4,4,0,0,2,4,2,0,0,2,2,0,2,0,2,2,2,0,6,4,6,2,6,0,2,14,12,12,12,8,2,4,0,0,0,0,0,0,0,0
0,0,0,0,0,0,2,0,0,0,0,0,4,0,0,0,0,0,0,0,0,0,0,0,8,0,0,0,0,0,2,0,2,0,0,0,2,0,0,0,0,0,2,0,0,0,0,0,0,0,0,0,0,0,4,4,0,2,0,0,0,0,0,4,0,2,0,0,0,0,0,2,0,0,0,4,0,4,0,0,0,0,0,0,2,2,0,2,0,0,6,2,2,0,0,0,0,0,10,2,0,0,18,0,0,0,4,0,0,4,0,0,0,0,0,0,0,2,2,0,0,0,0,0,0,0,0,2,2,0,0,0,2,2,0,0,0,0,0,0,0,0,0,0,0,0,0,0,0,0,0,2,2,0,2,0,0,0,2,0,2,2,0,0,0,0,0,0,2,0,0,2,0,0,0,0,0,0,0,0,0,0,0,0,0,0,0,0,2,2,0,0,0,2,0,0,0,2,0,0,0,0,0,0,0,0,0,0,0,0,0,0,0,0,0
0,0,0,0,6,6,0,0,12,2,0,2,2,0,8,2,4,6,0,0,0,0,0,0,0,0,0,2,2,4,0,0,0,0,0,0,0,2,2,2,0,2,0,2,0,0,10,2,2,0,0,2,2,2,6,0,0,8,0,2,6,0,2,0,4,0,2,0,2,0,2,0,0,2,0,0,0,0,0,0,0,0,0,2,0,0,0,0,0,0,4,0,2,2,4,0,0,8,2,4,0,2,2,826,2,4,0,58,0,4,0,14,0,2,0,64,0,6,2,2,0,0,0,2,10,8,2,4,2,2,4,2,4,2,0,4,0,2,0,0,0,0,2,0,0,0,2,0,0,0,0,2,0,0,0,4,0,2,0,0,0,0,4,6,0,4,2,0,2,6,4,2,4,0,0,0,6,4,2,6,0,4,6,8,0,14,2,4,0,6,2,8,4,0,2,4,6,0,2,12,4,6,6,8,4,10,10,8,4,8,2,4,2,2,0
0,4,4,10,14,16,6,6,2,10,6,64,18,4,10,6,12,16,14,2,0,6,6,4,6,2,18,20,16,12,4,2,22,30,8,0,8,2,10,8,8,4,6,0,4,2,30,12,10,4,4,8,14,6,12,12,56,16,8,70,2,2,12,2,2,4,4,6,4,4,2,10,2,20,4,4,0,4,6,4,0,2,4,2,4,4,4,0,4,6,4,2,6,2,4,4,6,4,0,10,84,4,2,4,128,4,4,4,96,2,4,2,42,2,6,6,92,4,4,78,0,10,148,2,2,6,12,0,2,2,10,6,4,4,2,6,10,4,0,6,2,10,2,4,2,0,8,2,0,4,6,2,2,0,6,4,6,4,2,10,10,0,18,4,18,6,6,4,4,0,4,4,0,0,0,4,0,0,4,0,6,2,2,8,2,0,0,0,2,4,0,4,0,0,2,0,0,0,0,0,10,0,4,2,0,2,0,2,2,2,2,6,8,4,8
0,0,0,4,2,2,0,0,0,0,2,0,4,8,4,2,2,0,6,2,0,2,0,0,0,0,0,0,0,0,0,0,2,0,0,2,0,4,2,2,0,2,2,0,0,0,2,0,0,0,0,0,6,0,2,0,0,2,2,0,0,0,2,2,2,0,4,0,0,0,2,2,0,2,0,0,4,0,0,0,0,0,0,0,0,0,0,2,2,0,0,0,0,0,30,0,4,24,0,4,2,20,0,6,2,38,0,6,0,32,2,0,0,34,2,2,0,0,0,0,2,0,2,0,4,2,6,2,2,0,4,0,0,4,2,2,2,2,0,4,0,0,0,0,0,0,2,0,4,2,0,0,0,2,2,2,2,2,0,0,0,0,0,0,0,0,0,10,4,2,0,2,0,0,2,18,22,30,6,18,22,20,20,58,30,40,56,8,10,28,34,24,46,10,6,28,40,34,34,42,20,14,22,16,24,30,46,34,46,2,2,0,0,0,0
2,2,2,4,2,0,4,0,0,0,0,0,0,0,2,0,2,0,0,0,0,0,0,2,2,2,0,0,0,0,0,0,0,0,0,0,0,0,0,4,0,4,0,2,2,0,0,2,0,0,0,0,2,0,0,0,0,0,0,0,2,0,2,2,0,0,0,2,0,2,0,0,0,0,2,2,0,6,2,0,0,0,4,0,0,2,2,2,0,0,10,0,18,0,0,12,0,0,8,0,0,0,12,0,0,0,32,4,0,0,2,0,0,0,6,0,0,2,0,0,0,2,0,10,0,0,0,0,6,0,0,4,0,0,0,0,0,0,0,0,0,0,0,0,2,2,0,0,0,0,0,4,2,0,2,2,4,0,2,0,2,0,0,0,0,2,0,10,0,2,0,2,0,0,0,0,0,2,0,0,0,2,0,0,0,0,0,0,0,0,0,0,0,0,2,0,0,0,0,0,0,0,0,0,0,0,2,0,0,0,0,0,2,0,0
2,4,2,2,4,6,0,0,0,0,0,8,6,6,30,22,16,12,10,2,4,2,2,2,4,6,0,2,0,6,2,4,14,10,0,2,0,4,0,8,6,6,0,2,2,0,10,4,2,2,6,4,8,18,16,6,6,12,14,4,12,6,8,2,10,8,4,8,2,0,2,4,4,10,12,4,6,6,8,0,2,2,0,0,2,2,8,2,2,6,2,4,12,2,2,4,4,6,10,28,6,6,4,76,2,2,2,148,0,8,0,42,2,2,6,76,6,6,6,2,4,2,4,8,8,2,18,10,18,4,8,2,18,8,4,18,12,10,12,8,2,0,0,0,2,2,0,0,4,4,0,4,2,0,4,2,12,0,2,0,6,4,12,10,6,10,2,10,4,8,0,12,10,6,0,10,8,8,6,14,12,14,16,12,12,14,10,4,4,16,2,14,6,0,2,20,10,22,10,16,0,10,10,0,4,12,32,18,14,6,6,0,4,0,2
0,0,0,0,0,2,0,0,0,0,0,0,0,0,0,2,0,0,0,0,0,0,0,0,0,0,0,0,0,0,0,0,0,0,0,0,2,0,0,0,0,0,0,0,0,0,0,0,0,0,0,0,0,0,0,0,0,0,0,0,0,0,0,0,0,0,0,0,0,0,0,0,0,0,0,0,0,0,0,0,0,0,0,0,0,0,0,0,0,0,0,0,0,0,0,0,0,0,0,0,0,0,0,0,0,0,0,0,0,0,0,0,0,0,0,0,0,0,0,0,0,0,2,0,0,0,0,0,0,0,0,0,0,0,0,0,0,0,0,0,0,0,0,0,0,0,0,0,0,0,0,0,0,0,0,0,0,0,0,0,0,0,0,0,0,0,0,0,0,0,0,0,0,0,0,0,0,0,0,0,0,0,0,0,0,0,0,0,0,0,0,0,0,0,0,0,0,0,0,0,0,0,0,0,0,0,0,0,0,0,0,0,0,0,0
0,0,0,0,0,0,0,0,0,0,0,0,0,0,0,0,0,0,0,0,0,0,0,0,0,0,0,0,0,0,0,0,0,0,0,0,0,0,0,0,0,0,0,0,0,0,0,2,0,0,0,0,0,0,0,0,0,0,0,0,0,0,0,0,0,0,0,0,0,0,0,0,0,0,2,0,0,0,0,0,0,0,0,0,0,0,0,0,0,0,0,0,0,0,0,0,0,2,0,0,0,14,0,0,0,4,0,0,0,28,0,0,0,2,0,0,0,0,0,0,0,0,0,0,0,2,0,0,0,0,0,0,0,0,0,2,0,0,0,0,0,0,0,0,0,0,0,0,0,0,0,0,0,0,0,0,0,0,0,0,0,0,0,0,0,0,0,2,0,0,0,2,4,0,0,0,4,2,2,0,2,0,0,0,0,0,2,10,0,0,2,0,0,0,4,4,4,0,6,0,14,4,12,6,14,2,0,4,4,4,0,0,0,0,0
0,0,0,0,0,2,4,0,0,0,0,0,0,0,0,0,2,0,0,0,0,0,0,4,2,0,0,0,0,0,0,0,0,0,0,0,0,0,0,2,0,0,0,2,0,0,2,0,4,0,0,2,0,4,2,0,0,0,0,0,6,0,0,0,2,0,4,0,2,0,0,0,0,0,0,0,2,0,0,0,0,0,0,0,0,0,0,0,0,0,0,6,2,0,0,0,4,0,2,0,0,0,0,6,0,0,4,0,0,0,6,0,2,0,6,0,0,0,0,4,4,0,0,4,0,0,4,0,2,0,0,2,2,2,0,4,0,0,0,0,0,0,0,0,0,0,2,2,0,0,2,2,0,0,2,2,0,6,0,0,0,2,0,0,0,0,0,4,0,0,0,0,0,0,0,0,0,0,0,0,0,0,0,0,0,0,0,0,0,0,0,0,0,0,0,0,0,2,0,2,0,0,0,0,0,0,0,0,0,0,0,0,0,0,0
4,0,0,6,4,8,2,0,0,2,0,10,10,0,4,12,6,12,0,0,2,2,2,2,0,0,0,2,4,0,0,4,4,8,0,4,0,2,10,4,12,6,6,2,2,0,18,2,4,0,0,0,14,6,16,0,6,4,6,4,8,2,6,6,4,2,8,2,8,6,0,2,2,4,8,4,10,4,8,0,4,2,2,0,0,2,2,2,0,0,4,2,8,2,2,4,4,4,6,8,2,6,6,24,2,6,4,20,6,4,2,24,6,2,4,26,4,8,4,0,2,0,10,0,6,2,6,2,10,8,4,6,18,4,14,6,0,8,6,4,0,2,0,0,2,2,0,4,0,2,0,2,0,6,2,4,4,0,6,0,0,2,4,8,2,4,0,2,4,8,8,0,2,2,2,6,8,6,8,10,10,10,10,12,0,4,0,2,8,16,12,10,4,4,2,8,8,0,0,14,4,12,2,2,16,12,16,14,10,2,0,4,8,0,0
0,0,2,6,12,8,2,2,4,4,6,26,16,0,6,0,0,2,4,0,2,0,0,0,4,2,4,0,26,6,2,2,10,14,0,2,4,0,0,2,0,0,2,4,0,0,0,0,0,2,2,0,2,0,0,2,6,2,2,12,0,2,0,2,0,0,0,0,2,0,2,0,0,0,6,2,4,0,0,2,4,0,4,0,0,4,2,0,0,0,0,2,0,4,0,0,0,0,2,2,4,0,0,0,12,2,0,0,6,0,0,0,56,0,2,2,8,2,4,24,0,0,14,0,4,0,0,0,6,6,2,0,0,2,0,0,0,0,0,0,4,2,2,0,0,0,0,0,0,0,0,0,0,2,0,0,2,2,2,0,4,0,0,0,2,0,2,0,0,0,0,2,0,2,0,0,0,0,0,0,0,0,0,0,0,0,0,0,0,0,0,0,0,0,0,0,0,0,0,0,0,2,0,0,0,2,2,2,2,0,2,2,0,0,0
0,0,0,0,0,0,0,0,0,0,0,0,0,0,0,0,0,0,0,0,0,0,0,0,0,0,0,0,0,0,0,0,0,0,0,0,0,0,0,0,0,0,0,0,0,0,0,0,0,0,0,0,0,0,0,0,0,0,0,0,0,0,0,0,0,0,0,0,0,0,0,0,0,0,0,0,0,0,0,0,0,0,0,0,0,0,0,0,0,0,0,0,0,0,2,0,0,2,0,0,0,2,0,0,0,0,0,0,0,0,0,0,0,10,0,0,0,0,0,0,0,0,0,0,0,0,0,0,0,0,0,0,0,0,0,0,0,0,0,0,0,0,0,0,0,0,0,0,0,0,0,0,0,0,0,0,0,0,0,0,0,0,0,0,0,0,0,0,0,0,0,0,0,0,0,0,2,0,0,0,0,0,0,4,0,2,0,0,0,0,0,0,0,0,0,0,0,0,2,2,0,0,0,0,0,0,0,0,0,0,0,0,0,0,0
22,8,10,36,26,22,12,8,4,4,8,18,16,12,14,22,16,12,22,10,6,6,0,12,44,16,8,4,6,14,6,10,24,6,2,10,14,20,10,12,20,10,8,12,2,20,32,8,8,6,0,4,6,32,34,14,16,18,32,6,28,8,20,16,30,14,38,10,46,22,8,12,4,16,22,30,26,38,12,10,20,2,20,6,6,20,4,10,4,20,28,36,40,12,10,16,14,6,28,14,12,4,48,8,22,12,40,16,14,6,40,12,16,8,78,28,8,34,14,10,64,6,18,42,12,16,8,10,22,22,10,36,14,26,24,22,28,26,26,16,10,12,10,2,34,30,34,10,22,48,42,34,18,24,32,30,30,40,24,8,22,20,20,8,16,20,20,18,12,26,18,8,6,2,2,2,2,4,6,2,6,4,2,10,0,12,12,8,10,16,12,10,14,4,6,2,12,2,2,2,2,8,6,10,8,6,8,8,8,18,28,18,8,20,18
2,4,0,0,0,4,2,0,0,0,0,0,0,0,0,2,0,2,2,0,0,0,0,2,0,0,0,0,0,2,0,0,0,0,0,0,0,2,4,2,4,0,0,0,0,0,0,0,0,0,0,0,0,0,2,4,0,0,0,0,0,0,0,0,0,2,0,2,2,0,0,0,4,0,0,0,0,2,0,0,0,0,0,0,0,0,0,0,0,0,0,0,0,0,0,0,2,0,2,4,0,0,0,22,4,0,0,28,0,0,0,12,0,0,0,18,2,2,0,0,0,0,0,0,0,0,6,0,0,0,0,2,4,0,2,0,0,4,2,0,0,2,2,0,2,2,6,0,0,2,0,2,0,0,4,2,0,0,2,2,0,0,2,0,2,2,0,0,0,0,0,2,2,0,0,0,0,0,0,0,0,0,2,2,0,2,0,0,2,0,0,4,2,2,0,0,0,2,2,2,0,2,0,0,0,10,2,0,0,4,4,0,2,4,0
0,0,2,14,16,10,6,4,6,4,2,22,20,2,6,6,10,2,8,8,8,2,0,8,4,14,2,2,4,6,0,6,6,16,2,2,6,0,8,6,4,2,2,12,8,4,12,0,6,2,6,10,0,0,0,6,8,12,0,2,0,8,0,2,2,0,2,4,4,10,0,6,0,18,0,0,6,4,0,4,0,0,4,6,2,0,2,2,0,2,0,10,4,0,2,2,0,2,0,2,14,2,6,112,20,2,2,14,6,4,0,4,18,4,2,14,14,6,2,12,0,4,8,0,2,0,0,8,10,8,8,4,8,0,6,4,14,2,2,0,0,0,2,0,2,0,2,4,0,8,2,4,2,10,2,0,0,2,6,4,4,0,4,8,2,8,6,4,0,4,2,0,0,0,0,6,0,2,4,0,4,2,2,4,0,4,2,0,0,0,2,4,0,2,2,4,2,6,0,10,0,2,2,0,0,2,6,2,10,0,2,2,0,2,2
2,0,2,2,2,0,0,2,0,0,2,0,2,0,0,0,0,2,8,0,2,0,0,4,4,4,0,0,2,2,0,0,6,4,0,0,4,6,0,4,0,2,4,0,0,4,4,2,0,0,0,0,2,2,0,2,0,2,4,0,2,0,4,0,2,2,4,0,4,0,4,0,8,0,2,2,0,0,0,4,2,0,4,0,0,4,6,2,2,0,10,6,6,2,4,10,0,0,2,2,2,0,10,0,0,0,12,4,4,0,14,0,0,0,10,6,2,26,0,0,8,0,0,8,0,2,4,2,2,4,0,4,2,6,2,4,0,0,0,0,8,0,0,2,4,2,6,0,2,10,6,8,2,2,10,2,10,2,4,0,0,2,2,0,4,4,0,2,2,2,0,4,4,0,0,0,0,0,0,0,2,0,0,2,0,0,0,0,2,0,0,2,0,0,0,0,0,0,0,0,0,0,0,0,2,0,0,2,0,0,2,0,6,2,6
4,10,4,2,2,4,4,4,4,14,6,0,6,2,2,2,0,0,0,10,4,12,24,0,2,0,4,0,8,0,2,2,2,4,2,6,0,0,6,2,4,0,2,4,4,8,4,8,8,6,14,10,0,0,6,16,4,2,2,2,2,16,6,8,2,14,2,4,6,12,4,0,0,0,0,2,6,2,2,4,2,8,0,4,0,8,2,0,0,4,4,6,8,4,4,2,2,0,4,2,0,2,2,0,2,4,2,2,2,0,0,4,2,2,0,0,4,0,76,2,4,12,8,0,0,2,0,2,4,6,0,4,2,2,6,6,2,6,0,4,2,2,0,0,2,2,0,0,0,0,2,0,2,0,10,4,4,2,0,0,2,2,2,0,0,2,2,4,2,0,0,4,0,0,2,0,2,2,2,0,2,0,2,0,0,0,2,0,2,2,0,0,0,0,0,4,0,0,2,0,2,2,0,2,0,4,4,2,4,2,0,0,0,0,4
0,0,0,2,2,0,2,0,0,0,0,2,0,0,0,0,0,0,0,0,0,0,0,0,0,0,4,2,0,0,0,0,2,0,2,0,0,2,0,0,0,2,0,0,0,0,4,0,0,0,0,0,0,0,0,2,4,4,0,14,0,2,0,2,0,0,0,0,0,0,0,0,0,2,0,0,0,0,0,0,0,0,0,0,0,0,0,0,0,0,0,0,0,0,0,0,2,0,0,0,0,0,0,0,4,0,0,0,0,0,0,0,10,0,0,0,4,0,2,24,0,0,4,0,0,0,0,0,0,0,0,0,0,0,0,0,0,0,0,0,0,0,0,0,0,0,0,0,0,0,0,0,0,0,0,0,0,0,0,0,0,0,0,0,0,0,0,0,0,0,0,0,0,0,0,0,0,0,0,0,0,0,0,0,0,0,0,0,0,0,0,0,0,0,0,0,0,0,0,0,0,0,0,0,0,0,0,0,0,0,0,0,0,0,0
2,0,0,2,0,0,0,0,0,0,0,0,0,0,0,0,0,2,2,0,0,4,0,6,2,0,0,2,0,0,0,0,0,0,0,0,0,0,0,0,0,2,0,0,2,0,0,0,0,0,0,0,0,2,2,0,0,0,0,0,4,2,4,2,0,0,6,0,2,0,0,0,0,0,2,2,0,6,0,0,0,0,2,0,0,0,0,0,0,0,4,2,2,0,0,2,0,0,2,0,0,0,4,0,0,0,6,0,2,0,2,0,0,0,6,0,0,0,0,0,12,0,0,4,0,0,0,0,2,2,0,0,0,2,0,0,0,0,0,0,0,0,0,0,0,0,4,0,0,8,2,14,2,0,10,2,10,0,2,2,2,6,0,0,2,0,2,2,0,2,2,0,0,2,0,0,0,0,0,0,2,2,0,0,0,2,0,0,0,0,0,0,0,0,0,0,0,0,0,0,0,0,0,0,0,0,2,0,2,0,0,0,0,2,0
6,2,2,2,2,2,12,2,0,2,0,4,0,0,4,2,0,2,2,12,18,8,4,0,0,4,6,0,6,0,0,4,0,2,6,10,4,2,0,4,4,2,0,2,0,6,4,0,4,2,0,8,0,0,4,8,0,0,0,2,2,8,2,16,2,12,0,6,2,12,2,0,4,4,0,0,0,2,0,4,2,12,0,2,0,0,0,10,0,2,4,2,4,4,0,0,2,4,2,2,2,2,0,0,0,0,4,0,0,0,0,4,0,0,4,2,0,0,20,0,0,52,2,0,8,4,0,0,0,0,6,2,2,0,6,0,0,2,0,2,2,2,0,2,0,2,2,0,0,2,0,6,0,0,0,0,6,2,2,0,0,0,0,0,0,0,4,4,2,0,0,0,4,2,0,0,0,0,4,0,0,2,0,2,0,2,0,0,0,4,4,0,0,0,0,0,0,0,0,0,0,0,0,4,0,4,0,0,0,0,0,4,2,0,2
0,0,0,0,0,2,0,0,0,0,0,12,0,0,2,0,0,0,0,0,0,0,0,0,0,0,0,4,0,0,0,0,2,2,0,0,0,0,0,0,0,0,0,0,0,2,0,2,0,0,0,0,0,0,2,2,2,0,0,10,0,0,0,0,0,0,0,0,0,0,2,0,2,0,0,0,0,0,0,0,2,0,0,2,0,0,0,0,0,0,0,0,0,0,0,0,0,0,0,0,8,0,0,0,20,0,0,0,12,0,0,0,6,0,2,0,6,0,0,6,0,2,26,0,2,0,0,4,0,2,2,0,2,0,0,0,0,0,0,0,0,0,0,0,0,0,0,0,0,0,0,0,0,0,0,0,0,0,0,0,0,0,0,0,0,0,0,0,0,0,0,0,0,0,0,0,0,0,0,0,0,0,0,0,0,0,0,0,0,0,0,0,0,0,0,0,0,0,0,0,0,0,0,0,0,0,0,0,0,0,0,0,0,0,0
6,2,0,4,2,0,2,2,4,0,0,2,4,0,8,2,0,4,6,0,4,0,0,2,2,4,0,0,0,0,0,0,0,12,2,6,4,0,2,2,2,2,0,0,2,0,2,4,0,2,0,2,4,4,2,2,0,0,8,2,4,2,8,8,2,14,6,2,8,4,0,0,2,2,8,6,6,10,4,2,2,0,4,2,0,2,0,6,0,0,12,0,4,0,0,12,2,2,12,2,0,2,24,4,2,2,4,2,2,0,2,0,0,2,12,4,4,10,4,4,8,6,0,26,0,2,0,2,6,0,2,4,4,4,6,2,0,8,6,2,4,0,2,2,2,4,4,0,2,16,4,10,4,4,8,4,2,12,8,2,4,0,2,0,4,0,6,6,6,0,2,2,4,0,4,0,0,0,4,0,2,0,0,4,0,0,2,2,4,0,2,2,0,2,2,2,2,0,0,0,0,0,2,2,0,0,2,0,2,4,6,0,6,0,2
0,4,2,6,10,4,0,0,0,0,0,0,0,0,12,6,2,6,2,0,0,0,0,0,0,0,0,0,0,2,0,0,0,0,0,0,0,0,0,4,0,2,0,0,0,0,30,0,0,2,0,0,0,6,0,4,2,4,0,0,0,0,2,2,0,0,0,0,0,2,0,8,0,14,0,0,0,2,2,0,0,0,0,4,2,0,0,2,0,0,0,0,0,0,2,0,2,0,0,2,0,0,0,8,2,2,0,0,4,0,4,4,0,0,0,6,0,2,2,0,0,2,0,0,68,2,0,26,0,0,16,0,78,0,2,0,2,0,0,0,0,0,0,0,0,0,0,0,0,0,2,4,0,0,0,0,0,0,0,0,0,0,0,0,0,2,2,0,0,0,0,2,0,0,0,0,0,0,2,0,2,0,4,2,2,0,0,0,4,4,2,4,0,0,2,2,0,2,0,0,0,0,0,0,0,2,2,6,2,0,0,0,0,0,0
2,0,0,0,0,0,0,0,0,0,0,0,2,2,0,0,2,0,0,0,0,0,0,0,4,0,0,2,0,0,0,0,0,0,0,0,0,0,2,0,0,6,12,0,0,0,4,2,0,0,0,0,0,4,0,0,0,0,0,0,2,0,0,0,2,0,0,0,0,0,2,0,0,0,4,0,0,0,2,0,10,0,2,0,0,0,0,0,0,0,0,0,0,0,0,0,0,0,0,0,0,2,0,0,2,0,0,0,0,0,0,0,0,0,0,2,2,0,2,0,0,0,0,0,0,6,0,0,6,0,0,0,4,2,0,2,0,2,4,4,0,0,0,0,2,0,2,0,0,2,0,0,0,0,0,0,0,0,0,0,0,2,0,2,2,0,0,4,0,0,2,2,0,0,0,0,0,0,0,0,0,0,0,0,0,0,0,2,0,0,0,0,2,0,0,0,0,0,0,0,0,0,0,2,0,0,4,0,2,0,0,0,2,0,0
26,26,10,48,52,44,32,20,8,8,16,52,52,26,52,54,60,36,42,16,12,18,10,12,56,26,10,10,14,58,10,30,26,40,22,16,24,34,58,66,58,54,70,10,20,14,94,22,14,18,14,10,76,74,196,26,18,32,48,28,20,18,44,22,28,22,36,10,32,22,54,22,22,26,46,46,62,30,54,14,54,18,48,20,32,16,44,24,18,24,36,18,36,20,34,42,16,28,34,56,28,30,26,36,40,40,22,60,38,36,36,42,28,22,58,54,24,20,18,14,30,16,78,34,62,48,114,22,80,78,24,54,50,116,74,148,96,50,82,58,34,28,18,12,22,22,72,44,16,20,22,30,14,16,70,46,34,72,60,28,30,12,84,68,68,40,74,34,28,28,36,36,30,26,4,26,8,24,48,16,8,30,26,48,18,44,28,24,28,18,28,30,14,4,6,20,24,22,34,32,28,24,16,24,38,34,56,40,40,40,92,8,22,34,82
0,0,0,0,2,2,0,0,0,0,0,0,0,0,0,0,0,0,0,0,0,0,0,0,0,0,0,0,2,0,0,0,0,2,0,0,0,0,0,0,0,0,0,2,0,0,4,0,0,0,0,0,0,0,0,0,2,2,0,2,0,0,0,2,0,0,0,0,0,0,0,0,0,2,0,0,0,0,0,0,0,0,0,0,0,0,0,0,0,2,0,0,0,0,0,0,0,0,0,0,0,0,0,0,2,0,0,0,0,0,0,0,0,0,0,0,0,0,0,2,0,0,0,0,4,0,0,38,0,0,24,0,4,2,0,0,0,0,0,0,4,0,0,0,0,0,0,0,0,0,0,0,0,0,0,2,0,0,2,0,0,0,0,0,0,0,0,0,0,0,2,0,0,0,0,0,0,0,0,0,0,0,0,0,0,0,0,0,0,0,0,0,0,0,2,0,0,0,0,2,0,2,0,0,0,0,2,4,2,0,0,0,0,0,0
0,0,0,0,0,0,0,0,0,0,0,4,0,0,0,2,0,0,0,0,0,0,0,0,0,0,0,0,0,0,2,2,0,0,0,0,0,0,0,0,0,0,0,2,0,0,0,0,0,0,0,0,0,0,0,0,0,2,2,0,0,0,0,0,0,0,0,0,0,0,2,0,0,0,0,0,0,0,0,0,2,0,0,0,0,0,0,0,0,0,0,0,0,0,0,0,0,2,0,4,0,0,0,4,0,0,0,0,0,0,2,2,0,2,2,0,2,0,0,0,2,0,0,0,0,4,6,0,0,0,0,0,0,0,4,0,0,2,2,0,0,0,0,0,2,0,0,0,0,2,0,0,0,0,0,0,2,0,0,0,0,0,0,0,2,0,2,0,0,0,0,0,0,0,0,0,0,0,0,0,0,0,0,0,0,0,0,0,0,0,0,2,0,0,0,0,0,0,2,2,0,0,0,0,0,0,0,0,0,0,2,0,0,2,2
0,0,2,2,0,0,0,0,0,0,0,0,0,0,0,0,0,0,0,0,0,0,0,0,0,0,0,0,0,0,0,0,0,0,0,0,0,0,0,0,0,0,2,0,0,0,0,0,0,0,0,0,0,0,0,0,0,0,0,0,2,0,0,0,2,0,0,0,0,0,0,0,0,0,4,2,0,0,0,0,0,0,0,0,0,0,0,0,0,0,0,0,0,0,0,4,0,0,2,2,0,0,2,0,0,0,0,0,0,2,0,0,0,0,0,0,0,0,0,0,0,0,0,2,0,0,4,0,2,6,0,0,0,0,0,2,4,8,4,0,0,0,0,0,0,0,0,0,0,0,0,0,0,0,2,0,0,0,0,2,0,2,4,0,0,4,0,2,0,0,0,0,0,0,0,0,0,0,0,0,0,0,0,0,0,0,0,0,0,0,0,0,0,0,0,0,0,0,0,0,0,0,0,0,0,0,0,0,0,0,0,0,0,0,0
0,0,0,10,6,8,0,0,0,0,0,0,2,0,2,0,2,6,4,2,0,0,0,0,2,0,0,0,2,2,4,2,4,0,0,0,0,0,6,6,10,0,8,0,0,0,14,2,2,0,0,4,2,6,4,0,0,2,2,0,0,0,0,0,0,0,0,2,0,2,2,16,4,2,0,2,6,0,2,0,0,0,2,0,2,2,0,2,0,0,0,4,0,2,0,2,2,0,0,8,0,0,0,0,2,0,0,0,0,2,0,2,2,0,0,2,2,0,2,2,6,0,0,0,26,2,0,70,2,0,66,2,38,2,2,2,0,0,0,0,0,0,0,0,0,0,0,0,0,0,0,4,0,0,0,2,2,0,2,0,0,2,2,4,2,0,2,2,0,2,2,0,4,2,0,0,0,4,0,0,0,0,0,2,0,0,0,0,0,2,2,0,0,0,0,0,2,4,2,0,0,0,0,2,6,6,0,2,0,0,4,0,0,0,2
0,0,0,4,8,2,4,0,0,0,0,12,10,0,8,2,4,8,4,0,0,2,2,2,6,0,0,6,6,0,2,4,2,0,6,0,2,4,2,4,8,8,4,4,0,0,8,0,0,0,0,2,10,4,10,4,0,0,8,10,2,8,8,2,4,2,6,4,0,0,4,4,2,4,8,4,4,4,12,2,2,2,0,2,0,0,2,4,0,0,2,0,2,6,2,0,2,4,2,8,0,0,0,0,2,0,0,2,0,2,4,0,2,4,2,8,2,6,0,2,10,2,0,2,6,4,12,4,4,10,0,12,2,12,4,10,12,6,6,4,4,6,2,0,0,4,2,2,2,2,0,2,6,4,12,0,6,6,8,0,2,4,12,8,10,4,8,6,2,0,4,0,0,0,0,0,2,2,0,4,0,2,2,2,2,0,2,2,0,0,2,0,0,0,0,0,0,2,0,2,0,0,0,0,2,2,0,2,4,2,10,0,6,2,8
2,0,2,0,4,4,0,0,0,0,0,2,0,0,4,2,0,0,6,2,0,0,0,0,0,0,6,0,0,2,0,0,0,0,0,0,0,0,4,4,2,4,10,0,0,0,8,0,2,0,0,0,4,0,0,2,0,8,0,0,0,0,0,0,0,2,0,0,0,0,0,6,0,10,0,0,0,2,0,0,0,0,4,0,0,0,0,0,0,0,0,0,0,2,0,0,0,0,0,0,0,0,0,4,2,0,0,2,0,0,0,0,0,6,0,2,0,0,2,0,0,0,0,0,46,0,0,8,0,0,26,0,104,0,2,0,0,0,0,0,0,0,0,0,0,0,0,0,0,0,2,0,0,0,0,0,0,0,0,0,0,0,4,0,2,0,0,0,0,0,0,0,0,0,0,0,0,0,0,0,0,0,0,0,2,0,0,0,0,2,0,0,2,0,0,0,0,0,2,0,0,0,0,0,0,6,2,6,6,0,0,0,0,0,0
0,0,0,0,0,0,0,0,0,0,0,2,4,0,0,0,0,0,2,0,0,0,0,6,0,0,0,0,0,0,0,0,0,0,0,0,0,0,0,0,4,0,0,0,0,0,2,0,0,0,0,0,0,0,4,0,0,0,4,0,2,0,4,2,0,0,0,0,0,0,2,2,2,0,2,0,0,2,4,0,4,0,0,0,2,0,0,0,0,0,0,0,0,0,0,0,0,0,2,0,2,2,0,2,4,0,2,2,4,0,2,0,4,0,8,2,0,0,0,2,2,0,0,2,0,2,26,0,2,28,0,32,4,20,2,12,2,2,2,6,0,2,0,2,4,0,0,0,0,0,0,0,2,0,0,2,0,2,0,6,0,0,2,0,4,2,6,2,0,2,0,2,0,2,0,0,0,0,0,0,0,0,0,0,0,0,0,0,2,2,0,0,0,0,0,4,0,0,0,0,2,0,2,0,0,0,2,0,0,6,12,0,0,0,8
0,0,0,0,0,0,0,0,0,0,2,2,0,0,0,6,0,0,0,0,0,0,0,2,0,0,0,0,0,0,0,0,0,0,0,0,0,0,0,0,0,0,0,0,2,0,4,0,0,0,0,0,0,0,0,0,0,0,0,0,0,0,0,0,0,0,0,2,0,0,0,0,2,2,2,0,0,0,2,0,0,0,0,2,0,0,2,0,0,0,0,0,0,2,0,0,0,2,2,0,0,0,0,0,0,0,4,2,2,0,0,0,0,0,0,0,4,0,0,0,0,2,2,0,0,0,8,0,2,0,2,0,0,0,14,10,16,6,0,4,0,0,0,2,0,0,4,0,0,0,2,2,0,0,0,0,2,0,2,0,0,0,2,2,0,0,0,0,0,0,0,0,0,0,0,0,0,0,2,0,2,2,4,0,0,0,2,0,0,0,0,0,0,0,2,0,0,0,0,0,0,0,0,0,0,0,0,2,0,0,2,0,0,0,4
0,0,2,6,2,2,2,0,0,2,0,6,4,0,8,4,4,0,2,0,2,0,0,4,0,0,0,0,2,0,4,0,2,4,0,0,0,0,2,6,2,0,2,0,4,2,8,0,0,0,4,0,4,6,0,0,4,0,2,0,10,2,2,0,2,0,4,0,4,0,2,0,6,0,8,6,4,0,10,4,4,2,2,2,0,4,0,2,2,0,8,2,2,2,2,2,0,0,0,4,4,2,4,6,0,4,2,0,0,2,0,2,2,0,0,2,0,0,0,0,0,0,2,2,6,2,6,4,8,4,4,4,0,12,6,6,4,2,6,0,4,0,0,0,0,0,2,0,2,0,0,0,0,0,0,0,6,4,2,0,0,2,0,2,2,2,0,4,0,0,0,0,0,0,2,4,0,0,0,0,0,4,2,2,0,6,2,0,4,0,2,2,0,0,2,2,0,0,2,6,0,0,0,0,0,4,0,0,6,0,0,0,0,0,4
0,0,0,0,0,0,0,0,0,0,0,2,0,0,0,0,0,2,2,0,0,2,0,0,0,0,0,0,2,0,0,0,0,0,0,0,0,0,4,4,2,0,0,2,0,0,0,0,0,0,0,0,0,0,2,0,2,0,0,0,0,0,0,0,2,0,0,0,0,0,0,0,0,2,0,2,4,2,0,0,0,0,0,0,0,0,0,0,0,0,0,0,0,0,0,0,2,0,6,2,0,2,2,2,0,0,0,0,0,0,0,8,0,4,0,2,2,2,0,0,0,0,0,0,0,6,6,0,2,0,0,10,0,4,10,4,26,12,10,8,4,0,0,0,0,0,0,0,0,0,0,2,4,0,0,0,2,0,2,2,0,2,4,0,0,0,0,0,2,0,2,2,0,0,0,0,0,0,0,0,0,0,0,2,0,0,2,0,2,0,2,2,0,0,0,0,2,2,0,0,0,2,0,0,0,0,0,2,0,0,0,0,0,2,2
0,0,0,0,2,2,0,0,0,0,0,4,2,4,2,2,2,0,0,0,0,0,0,0,2,0,0,0,2,0,4,0,2,0,0,2,0,0,2,4,4,4,4,0,0,0,2,2,0,0,0,0,4,0,2,0,0,2,2,6,2,2,4,2,4,0,4,2,0,0,2,0,2,0,2,2,24,0,14,0,14,0,6,0,2,0,2,2,0,0,0,0,2,0,2,2,0,0,0,4,0,0,0,2,2,0,0,4,2,0,0,4,0,0,2,2,0,0,0,0,2,0,0,2,0,14,6,0,8,0,2,4,4,6,12,14,12,30,14,16,0,2,0,0,0,2,2,2,0,0,4,0,0,2,2,0,2,2,2,2,0,0,10,4,0,8,0,4,2,4,4,0,0,0,0,0,0,2,0,0,0,0,4,2,0,0,0,2,0,2,0,0,0,0,0,0,0,0,0,0,0,0,0,0,2,0,0,0,0,2,2,0,0,2,4
0,0,0,0,0,0,0,0,0,0,0,0,0,0,0,0,0,0,0,0,0,0,0,0,0,0,0,0,0,0,0,0,0,0,0,0,0,0,0,0,0,0,0,0,0,0,0,0,0,0,0,0,0,0,2,0,0,0,0,0,2,0,0,0,0,0,0,0,6,0,2,0,0,0,0,0,2,0,0,0,4,0,0,0,0,0,2,0,0,0,0,2,0,0,0,0,0,0,0,0,0,0,0,0,0,0,0,0,0,0,0,2,0,0,0,0,0,0,0,0,0,0,0,0,0,8,0,0,2,0,2,2,0,0,6,8,8,10,52,2,0,0,0,0,0,0,0,0,0,2,0,0,0,0,0,2,0,0,0,0,0,0,2,0,0,0,0,0,0,0,0,0,0,0,0,0,0,0,0,0,0,0,0,0,0,0,0,0,0,2,0,0,0,0,0,0,0,2,0,0,0,0,0,0,0,0,0,0,0,2,4,0,0,0,0
2,0,0,2,2,2,0,0,0,0,0,2,0,0,2,4,0,2,6,2,0,0,2,2,0,2,0,2,0,0,2,0,0,0,0,0,0,2,6,0,2,4,0,0,0,0,4,2,0,0,0,0,0,4,8,4,0,2,0,2,0,0,4,0,2,0,2,0,2,0,2,0,0,2,4,4,2,2,0,2,4,0,2,0,0,0,2,0,0,0,2,0,0,0,0,0,0,0,0,0,0,0,0,4,0,0,0,0,4,2,0,0,4,2,2,2,0,2,0,0,2,0,0,0,2,2,6,2,8,2,0,2,2,6,12,0,14,4,16,22,0,0,2,0,0,2,10,0,0,0,2,0,0,0,2,2,4,0,0,0,0,0,4,4,0,2,0,2,0,6,4,6,2,2,0,0,0,0,2,0,0,0,0,2,0,4,0,0,0,2,2,0,0,0,0,0,0,0,0,0,2,2,2,0,0,0,4,2,0,0,4,0,0,0,0
12,10,12,30,20,16,16,12,6,6,8,18,20,8,12,16,18,22,16,2,2,10,10,10,30,30,4,4,4,38,18,12,22,18,8,10,8,16,12,28,20,28,14,14,26,14,42,20,12,8,14,16,24,18,52,22,18,16,76,6,42,12,56,14,46,16,56,6,36,14,38,12,22,14,44,24,32,24,32,18,32,0,42,12,22,6,20,22,8,6,16,18,20,16,12,22,8,10,42,32,12,20,26,10,14,4,14,20,8,16,54,12,16,12,54,16,10,70,12,20,44,4,16,28,18,48,36,8,36,54,28,34,30,34,34,42,46,60,32,28,74,14,28,0,32,42,80,58,56,26,26,46,22,16,82,66,68,72,30,22,18,26,42,14,30,42,40,24,20,10,26,18,16,8,4,14,8,12,8,10,20,4,2,30,10,10,24,6,10,2,8,16,4,10,10,2,6,2,12,10,4,6,6,6,8,8,14,16,20,10,26,14,16,24,26
6,4,4,24,24,30,64,30,6,2,6,40,38,6,26,12,20,10,28,4,8,8,10,2,18,16,0,0,6,64,34,46,44,36,12,14,24,22,26,12,22,42,18,4,6,6,40,12,14,4,2,8,12,16,18,10,18,26,44,8,24,14,42,14,10,12,10,10,18,8,76,16,54,14,30,12,24,12,48,16,30,10,38,4,72,4,56,14,104,12,22,18,10,20,8,4,8,6,16,8,22,4,10,2,32,14,10,8,28,4,14,10,16,2,44,14,22,22,14,16,14,4,26,24,24,20,22,18,20,24,14,22,36,30,22,12,22,14,26,14,44,124,68,56,22,38,52,30,14,18,30,12,20,16,34,46,24,32,26,20,28,38,38,48,82,36,76,22,6,2,4,10,4,4,4,4,8,6,2,4,0,4,2,16,4,6,0,8,0,4,2,6,4,6,0,2,0,4,0,10,4,2,0,8,2,10,8,12,8,16,38,44,28,84,36
0,0,0,8,6,8,4,14,0,2,0,6,22,0,0,2,2,2,16,0,4,2,2,2,8,2,2,0,2,8,6,2,12,6,0,4,4,10,0,8,2,8,4,6,6,0,8,0,6,2,0,0,2,2,2,14,4,4,4,2,10,6,6,6,12,2,14,8,14,4,4,4,12,2,10,0,2,2,10,2,6,0,6,2,8,2,6,2,2,2,8,12,4,4,0,8,4,6,10,14,0,0,0,2,0,0,8,6,4,4,6,6,6,0,20,8,8,6,4,2,2,2,0,4,4,6,10,6,6,4,8,12,2,22,4,12,10,16,12,6,12,12,42,6,10,8,8,8,8,12,2,8,4,10,8,8,8,8,12,8,2,2,2,8,12,8,12,0,2,0,2,0,2,0,0,0,0,0,6,0,2,0,2,8,2,4,0,0,0,6,2,6,2,0,0,0,0,2,2,0,0,2,2,2,0,0,0,2,2,4,0,12,6,10,14
8,10,6,16,10,22,26,28,0,12,4,20,48,4,10,18,12,16,18,10,6,10,4,6,10,14,2,0,6,34,16,26,24,38,10,6,16,30,16,18,16,18,28,12,0,6,36,14,10,14,8,6,14,16,16,10,2,12,42,4,30,2,44,12,20,4,18,6,32,12,48,14,54,4,48,10,38,10,30,10,34,10,50,6,46,12,60,6,78,10,18,10,18,10,8,20,8,8,16,12,2,8,18,6,4,6,18,16,14,10,30,8,6,6,28,16,6,16,10,10,20,6,6,10,14,22,30,10,24,20,18,46,10,24,24,22,28,28,42,30,50,98,94,82,32,64,62,32,28,24,24,30,16,10,22,58,42,28,42,38,20,34,24,48,46,60,56,20,6,22,4,8,6,4,0,0,2,2,6,4,8,14,6,10,2,10,12,4,0,12,10,8,4,0,4,6,4,6,2,2,6,4,2,2,2,12,12,8,4,20,6,22,18,44,44
2,0,0,6,6,4,4,4,0,6,2,4,20,4,12,16,8,2,0,10,4,6,4,2,12,6,0,4,0,14,2,8,4,12,4,4,4,14,6,6,2,2,4,4,8,6,20,8,4,2,6,6,6,12,12,8,2,8,12,6,10,4,22,4,2,6,14,4,22,6,10,2,4,2,14,20,2,20,10,6,8,0,6,6,10,0,4,14,8,12,18,20,12,10,6,10,6,2,8,18,6,8,24,4,4,6,16,8,4,2,14,2,4,4,36,8,8,28,14,8,8,4,8,16,4,8,24,4,20,12,2,12,2,24,12,12,6,12,8,4,2,2,10,2,40,14,26,14,16,6,24,20,16,12,22,20,8,8,26,8,20,20,8,20,8,12,6,12,4,0,4,8,8,2,0,2,8,2,2,0,14,6,4,10,0,10,6,4,0,4,2,6,4,2,6,12,4,2,2,2,0,0,2,2,2,6,12,4,0,8,12,12,22,4,12
4,0,2,4,6,2,2,0,0,0,0,2,0,0,6,0,6,2,4,0,0,4,0,2,2,0,0,2,4,4,2,4,2,0,0,0,4,0,0,2,0,2,2,2,2,0,10,2,0,2,2,2,0,4,4,4,0,2,0,0,8,2,10,0,14,0,8,2,2,0,0,4,2,0,0,2,6,6,2,0,0,4,0,0,2,4,2,6,4,0,4,0,2,2,0,4,0,0,2,6,0,2,4,0,0,2,4,6,0,4,12,2,2,0,12,2,0,4,4,0,0,0,2,2,0,6,2,0,6,14,0,4,0,8,4,4,2,2,0,2,6,4,2,0,10,28,12,8,8,6,10,6,6,4,24,6,22,10,14,6,8,8,4,2,6,4,2,8,0,2,6,10,0,0,0,0,0,4,0,0,2,0,0,0,0,0,0,0,0,0,0,0,0,0,2,0,0,0,0,0,0,0,0,2,2,0,2,0,2,4,4,8,0,4,0
0,2,2,0,2,10,0,2,0,2,4,0,2,0,0,4,2,2,2,0,2,0,0,4,4,6,0,4,2,2,0,0,0,0,2,2,2,4,4,2,2,4,4,6,0,0,4,0,6,2,2,2,2,0,2,2,0,4,2,0,6,2,4,0,6,2,6,0,8,0,4,2,0,0,2,2,0,4,0,2,10,4,0,0,0,0,0,2,0,0,6,2,2,2,4,2,2,0,2,0,0,2,10,0,0,2,4,6,2,0,4,0,0,0,6,0,2,0,0,2,2,2,4,2,4,4,2,0,2,2,2,2,0,0,0,8,4,4,6,4,6,0,2,0,4,4,36,2,2,10,0,6,0,2,12,0,8,0,2,0,6,0,0,6,4,4,0,2,6,0,2,0,0,0,0,0,2,0,0,0,0,2,2,0,0,0,2,0,0,0,0,0,2,0,0,0,0,0,0,2,0,0,2,0,2,2,12,0,4,0,6,4,2,0,4
2,10,0,12,4,16,10,10,4,2,0,10,4,0,6,4,22,16,4,2,4,0,0,8,18,2,0,0,8,4,0,2,8,14,6,4,2,2,6,0,8,8,4,6,6,2,6,4,4,4,0,0,0,10,14,2,2,0,26,6,22,4,32,0,26,10,34,2,36,4,12,4,18,10,12,8,14,6,12,2,16,4,8,2,0,2,8,4,2,6,18,4,28,0,2,12,0,0,12,18,6,0,12,14,8,4,14,2,4,2,26,6,2,2,24,4,6,22,8,0,18,8,6,18,8,12,16,6,8,24,4,28,16,44,18,22,18,24,24,14,4,4,6,4,10,16,34,18,16,10,12,24,10,0,50,22,24,24,20,10,6,18,22,4,8,10,14,0,12,4,10,10,6,2,0,2,4,2,2,2,4,4,4,4,2,8,6,2,4,8,2,4,4,2,4,4,0,8,0,2,0,0,4,2,4,2,10,10,4,4,18,6,12,14,6
6,4,0,6,10,12,6,8,0,0,4,18,18,0,6,8,16,6,10,6,14,12,0,8,4,12,2,4,6,12,0,2,8,6,4,4,0,6,6,18,10,22,10,4,4,8,16,8,6,2,0,6,6,6,12,8,0,6,44,2,14,0,30,2,14,0,14,10,22,6,22,4,16,2,14,12,16,4,8,2,10,2,16,2,8,4,12,0,4,16,20,12,10,6,12,10,6,4,12,14,8,4,4,0,0,2,22,14,8,8,18,0,12,8,20,10,2,22,2,8,16,2,2,14,6,12,22,4,2,10,12,22,10,12,18,16,24,12,4,8,34,8,14,2,24,34,92,26,54,20,6,26,14,6,28,32,22,40,56,12,16,14,22,22,16,30,24,12,10,6,10,8,6,2,6,2,6,0,6,2,0,12,6,8,4,10,10,4,6,2,4,0,0,2,0,2,6,0,0,0,0,0,2,0,4,0,6,4,6,12,6,6,20,30,26
2,0,0,0,2,0,2,0,0,0,0,0,0,0,0,0,0,0,0,0,0,2,0,0,10,0,0,0,0,0,0,0,0,0,0,0,0,0,0,0,0,0,0,4,2,4,2,0,2,0,0,0,0,0,0,2,0,0,0,0,0,4,0,0,4,2,4,4,0,0,0,0,2,0,0,0,0,2,0,4,0,0,2,0,0,0,2,0,0,0,8,2,4,0,0,6,2,2,2,2,0,0,8,2,0,0,4,4,0,0,4,0,0,0,6,0,0,10,2,0,6,0,0,10,0,0,6,0,0,2,2,0,0,2,0,0,0,4,0,0,0,0,0,0,4,0,8,0,2,22,2,14,12,6,6,0,8,0,2,2,6,0,2,0,0,0,0,2,0,0,0,0,0,0,0,0,0,2,0,0,0,2,0,2,0,0,0,0,0,0,0,0,0,0,0,0,0,0,0,0,2,0,0,0,0,0,0,4,2,0,2,2,0,0,0
4,8,2,6,4,4,6,6,14,2,4,8,14,8,2,6,2,0,12,6,6,0,2,6,18,12,2,14,0,8,4,4,2,12,10,2,4,6,2,0,2,6,4,8,6,6,8,4,6,8,2,0,4,2,12,4,4,8,6,6,10,8,6,16,12,8,0,10,10,6,8,2,8,0,6,12,6,28,8,6,10,8,8,0,4,8,2,8,12,14,14,14,10,6,2,12,0,0,16,4,0,0,8,6,0,0,18,4,10,4,12,0,2,4,18,6,2,8,6,0,12,2,8,6,8,2,8,2,4,8,8,8,2,18,12,0,2,0,0,4,6,12,12,10,20,14,12,6,4,44,62,20,20,8,28,8,14,30,16,22,24,8,12,2,6,14,16,4,4,0,8,0,8,0,0,0,0,0,8,0,2,0,2,2,0,4,0,2,4,0,0,0,0,6,0,0,6,2,4,2,4,2,6,0,0,4,2,4,6,10,0,18,18,8,0
0,0,0,0,0,0,0,0,0,0,0,0,0,0,0,0,0,0,0,0,2,0,0,0,0,0,0,0,0,0,0,0,0,0,0,0,0,0,0,0,0,0,0,2,0,0,0,0,0,0,0,0,0,2,0,0,0,0,0,0,0,0,0,0,0,0,0,0,0,0,0,0,0,0,0,0,0,0,0,0,0,0,0,0,0,0,0,0,0,0,2,0,2,0,0,0,0,0,2,0,0,0,2,0,0,0,0,0,0,0,0,0,0,0,0,0,0,0,0,0,0,0,0,0,0,0,0,0,0,0,0,2,0,0,2,2,0,0,0,0,0,0,0,0,0,0,0,0,0,0,0,10,2,0,0,0,0,0,2,0,0,0,0,0,0,0,0,0,0,0,0,0,0,0,0,0,0,0,0,0,0,0,0,0,0,0,0,0,0,0,0,0,0,0,0,0,0,0,0,0,0,0,0,0,0,0,0,0,0,0,2,0,0,0,0
102,86,70,52,54,62,62,60,24,46,40,92,94,38,66,70,62,36,58,44,72,52,54,140,282,134,26,24,44,96,46,38,54,62,68,86,58,98,32,58,52,44,30,124,102,114,96,68,68,42,34,28,60,44,70,60,34,32,114,54,74,118,92,102,64,110,106,114,92,102,60,34,60,74,52,228,54,324,62,80,70,66,68,52,50,70,60,128,36,136,294,232,218,120,64,192,96,34,222,104,68,52,264,40,82,44,152,58,70,46,198,38,68,22,302,50,80,132,98,48,186,54,104,196,56,68,58,44,98,74,66,78,70,64,66,56,72,76,66,52,126,48,62,48,100,78,118,86,66,316,794,250,264,168,188,148,132,140,170,250,168,140,88,68,74,70,68,82,52,82,90,44,38,22,22,44,18,12,32,8,22,24,44,104,22,44,24,28,38,40,10,28,20,26,22,24,26,22,10,34,46,38,28,36,36,26,52,22,20,72,72,102,162,76,68
4,0,4,2,6,4,8,2,0,4,0,6,6,2,2,2,2,4,4,0,4,2,0,2,8,6,0,4,2,8,2,6,2,2,2,6,4,14,4,0,6,6,4,2,2,8,0,4,0,0,0,0,0,2,4,4,2,4,12,2,8,2,12,2,8,2,4,2,4,0,8,0,10,2,0,10,2,4,0,4,0,2,16,4,8,2,6,6,4,4,22,4,6,16,4,8,0,14,8,8,4,2,10,0,2,4,10,4,0,0,16,0,4,2,32,4,2,10,8,0,26,12,4,20,2,4,2,10,2,4,0,10,4,6,10,2,10,12,6,2,16,10,2,0,18,8,16,6,4,24,8,18,6,34,18,20,14,16,10,8,10,6,12,10,4,8,12,6,6,2,4,0,0,0,0,0,0,0,2,2,0,6,2,4,4,2,6,2,0,4,2,0,0,0,0,2,4,6,0,4,0,2,4,4,0,2,2,2,0,8,6,2,6,20,2
2,2,2,12,6,4,0,0,0,0,0,6,2,4,4,6,8,4,2,2,0,2,0,20,4,6,0,0,0,4,10,2,6,6,0,0,0,0,6,2,4,4,2,4,8,2,6,0,2,0,0,2,0,2,6,0,0,0,2,0,12,0,10,2,4,2,12,4,20,2,0,2,0,0,0,6,4,6,4,0,2,2,4,2,0,2,2,2,0,2,4,2,2,6,4,0,0,2,12,4,2,2,12,2,2,2,4,0,0,0,2,0,6,2,10,4,4,10,0,0,6,0,2,10,2,0,10,0,4,6,6,6,2,8,8,4,6,4,4,0,6,4,2,0,2,2,6,2,2,0,4,6,4,2,40,18,22,8,10,10,4,2,2,2,0,0,2,8,6,2,2,0,0,2,0,0,0,6,0,0,0,2,0,6,0,0,2,0,0,0,0,2,8,0,0,0,0,8,2,2,4,4,4,2,0,0,2,0,2,4,2,2,4,0,4
0,0,0,4,0,0,0,0,0,0,0,0,0,2,0,0,0,0,0,0,0,0,0,2,6,4,0,0,0,2,0,0,0,0,2,0,0,0,0,0,0,4,2,4,0,0,2,0,0,0,0,0,2,4,0,4,0,0,0,0,0,0,2,0,2,0,2,0,12,2,2,0,4,0,0,2,0,0,2,0,0,0,4,2,2,0,0,0,0,0,4,0,0,2,0,10,0,2,4,4,0,0,2,0,0,0,6,0,0,2,8,4,0,0,8,4,0,8,2,0,6,0,0,0,0,0,2,0,0,4,0,0,4,6,0,0,0,0,4,0,4,0,0,0,6,6,4,2,0,6,2,0,8,0,18,14,6,12,14,0,0,0,2,0,0,8,4,10,0,2,2,4,0,0,0,0,2,0,0,0,4,0,2,0,0,0,0,2,2,4,4,0,0,0,0,0,2,0,2,4,0,0,0,0,0,2,2,0,0,0,4,2,4,0,2
2,10,2,2,2,4,0,0,2,2,2,0,2,0,0,0,0,4,4,2,2,0,0,2,0,2,2,2,0,2,0,0,2,2,0,4,2,0,2,4,2,0,0,4,8,0,6,0,4,0,0,2,2,4,0,2,0,2,4,0,12,0,2,6,12,2,10,4,10,4,0,0,10,2,4,12,4,6,0,0,2,0,2,2,2,0,0,2,8,0,6,14,6,0,0,6,2,0,14,4,4,2,18,2,2,2,4,8,2,4,8,6,0,0,10,4,2,24,2,2,2,0,0,14,2,4,6,0,2,6,0,8,2,6,2,8,8,4,4,10,2,0,2,10,2,0,12,2,0,14,4,14,8,0,20,12,30,6,12,2,8,2,8,4,2,4,4,6,2,6,2,0,0,0,0,4,2,2,0,0,0,0,0,2,0,2,4,0,2,0,2,2,4,4,0,2,0,0,0,0,0,2,4,2,2,6,2,0,2,0,6,2,0,8,4
4,6,2,0,4,2,6,2,0,4,6,14,2,2,10,4,4,2,0,0,6,2,0,12,6,6,2,2,2,4,6,0,6,6,6,6,2,2,0,4,2,4,2,2,2,8,4,0,0,0,2,2,2,0,2,0,2,0,14,4,14,2,6,6,16,4,12,6,4,2,4,4,6,2,2,8,8,2,8,2,8,2,0,0,4,4,0,4,0,2,16,6,2,4,4,8,2,0,20,14,4,8,10,12,0,2,4,4,2,6,20,4,6,0,16,10,0,26,0,4,10,2,4,14,6,8,12,0,0,10,4,6,2,4,8,10,6,6,10,8,2,2,4,0,2,4,6,0,12,8,4,8,2,6,20,22,24,28,26,8,2,2,2,6,2,2,2,8,6,2,4,2,6,0,2,0,0,2,0,2,4,0,0,0,2,4,4,8,4,4,0,2,0,6,4,0,0,2,4,4,6,0,0,2,0,0,2,0,0,8,0,2,10,2,14
0,2,0,0,0,0,0,4,0,2,6,4,0,0,0,2,0,2,0,0,0,0,0,0,0,0,0,0,0,0,0,0,2,2,0,0,0,0,0,0,0,0,0,0,0,0,0,0,2,0,0,0,2,0,6,0,0,0,0,0,2,0,0,0,2,0,2,2,2,2,0,2,0,0,0,2,0,0,0,0,0,0,0,2,0,0,0,2,0,0,0,0,0,0,0,0,0,0,0,2,0,0,2,2,0,0,0,2,0,2,0,0,0,0,0,0,0,0,0,0,0,0,0,2,2,0,0,0,0,0,0,2,0,2,0,2,2,0,2,0,2,0,2,0,0,0,2,0,2,0,0,2,0,0,2,2,6,6,4,0,0,0,0,0,2,2,4,0,2,2,0,0,0,2,0,0,0,0,2,0,0,0,0,0,0,0,0,0,0,0,0,0,0,2,0,0,0,0,0,0,0,0,2,0,0,0,0,0,0,2,0,0,0,0,2
10,8,0,8,2,10,18,28,4,26,8,18,18,0,16,2,6,8,12,6,8,12,14,8,6,6,2,6,6,6,8,2,6,14,14,28,4,12,4,2,4,10,2,6,2,10,14,12,16,8,2,4,8,14,4,38,0,6,10,2,0,28,8,32,2,18,4,24,4,14,4,6,0,4,2,2,4,10,2,6,12,4,2,16,12,24,6,22,4,14,6,38,4,26,6,6,2,0,6,8,4,2,8,2,10,2,4,10,0,2,12,16,10,0,24,6,4,4,20,4,14,10,8,10,14,6,10,8,10,4,6,10,4,4,10,0,6,0,2,0,0,0,8,0,4,2,4,6,4,8,12,6,6,10,8,10,10,10,8,82,82,4,6,4,2,6,6,16,4,0,8,0,6,2,4,2,0,4,4,0,4,0,4,6,0,4,2,4,10,0,4,2,2,2,0,0,10,0,2,4,2,0,2,2,4,0,0,12,6,12,10,10,6,0,4
0,0,0,0,0,0,2,0,0,2,2,0,4,0,2,2,0,4,0,4,0,0,0,0,0,0,0,0,0,0,0,0,2,0,2,4,2,0,0,0,0,0,0,0,2,0,0,0,0,0,0,0,0,0,0,0,0,4,0,0,2,0,0,0,0,2,0,0,2,0,0,2,0,0,0,0,0,0,0,0,0,0,0,0,0,0,2,2,0,0,2,4,2,2,0,0,0,0,0,0,0,0,0,0,0,0,0,0,2,0,4,0,0,4,2,2,0,0,2,0,0,0,0,0,0,0,2,4,0,2,0,0,0,0,2,0,0,0,0,0,2,0,0,0,0,0,0,0,0,0,0,0,0,0,0,0,0,0,0,2,12,0,0,0,0,0,0,2,0,0,0,0,0,0,0,0,0,0,0,0,0,0,4,0,0,0,0,0,0,0,0,0,0,0,0,0,0,0,0,0,0,0,2,2,0,0,0,0,0,0,0,0,0,0,0
28,12,6,34,24,30,26,20,0,10,6,36,42,8,18,24,22,26,22,20,12,16,12,24,66,36,10,0,10,50,10,26,32,36,22,36,30,38,16,20,24,16,32,10,26,34,68,16,14,22,12,12,48,38,74,40,14,14,38,18,30,38,86,14,32,20,32,34,28,42,52,16,54,14,32,32,28,26,46,8,36,18,32,8,22,24,38,34,52,26,46,32,32,34,40,24,22,22,44,32,6,8,20,12,12,12,20,20,14,14,44,28,20,12,108,18,18,60,12,6,40,26,32,50,28,34,40,12,22,38,20,32,16,48,54,50,48,40,22,38,72,68,84,38,64,64,74,74,54,56,48,50,38,64,84,66,60,82,72,92,60,118,72,62,42,58,68,42,12,10,34,12,4,8,4,2,20,4,16,10,24,26,22,44,12,20,22,2,18,8,10,6,10,4,6,8,8,8,12,8,12,4,4,8,10,16,10,12,12,22,64,42,54,84,48
6,0,2,0,0,4,2,0,0,0,0,2,0,0,4,0,4,4,6,0,0,0,0,0,2,0,2,0,0,2,2,0,8,2,2,0,0,0,8,4,4,4,8,2,0,2,4,0,0,0,2,0,4,0,6,2,0,0,0,2,2,0,8,0,0,0,4,0,4,0,2,2,0,0,0,10,12,2,6,0,20,0,2,0,0,0,2,0,0,0,2,0,0,0,8,2,0,0,4,8,0,0,4,8,2,0,0,6,6,0,2,2,2,0,0,6,2,4,0,2,0,2,6,4,2,8,4,2,22,2,6,8,4,8,20,18,22,8,14,10,2,0,4,0,4,2,0,2,0,4,0,0,4,2,4,2,10,2,0,0,2,4,22,10,6,8,2,2,0,4,0,2,0,4,0,0,0,0,0,0,0,2,2,0,2,2,0,0,0,0,0,0,2,0,0,2,0,0,0,0,2,0,0,0,0,2,2,0,0,2,2,0,2,2,2
0,0,0,8,6,4,0,2,0,2,0,2,2,2,0,4,0,2,0,0,0,0,0,0,0,2,2,0,4,10,6,4,6,2,0,6,2,0,4,4,10,6,2,0,0,2,12,6,0,0,0,0,4,0,0,0,0,6,4,6,0,0,0,4,2,2,10,0,0,0,16,2,6,4,6,4,14,0,4,0,0,0,10,0,6,0,2,0,0,2,2,0,2,0,0,0,2,0,6,4,0,6,0,0,2,0,4,10,2,0,0,0,2,0,6,6,0,0,0,2,0,0,0,0,8,8,4,0,2,12,2,2,6,18,14,4,10,4,0,4,2,4,0,2,2,2,8,4,2,4,2,2,0,0,6,4,2,4,12,8,4,0,14,10,16,8,8,4,2,2,6,2,0,0,0,0,0,0,0,2,0,4,0,0,4,2,0,0,4,0,2,0,2,2,0,0,0,0,2,0,4,0,0,2,8,4,8,6,6,0,2,2,0,0,4
0,0,0,0,0,2,0,0,0,2,0,4,0,0,0,2,2,4,0,0,0,0,0,0,0,0,0,0,2,2,0,4,4,0,0,0,0,0,2,0,0,0,0,0,0,0,2,0,0,0,0,0,2,2,0,0,0,0,2,0,0,0,0,0,6,0,0,2,2,0,0,0,4,0,4,0,0,4,4,0,4,0,2,0,0,0,0,0,0,0,0,0,0,0,0,2,0,2,4,2,0,0,2,2,2,0,2,0,0,2,0,4,0,0,0,0,2,0,2,0,4,0,0,2,6,2,2,0,0,6,0,4,6,4,2,8,2,2,2,2,0,0,0,0,2,0,4,0,0,4,0,0,0,0,0,0,2,0,0,0,0,0,2,0,14,4,0,0,0,0,2,0,0,0,0,0,0,0,0,0,2,0,0,0,0,2,0,0,0,0,2,0,2,0,0,0,0,0,0,0,2,0,2,0,0,0,2,0,0,0,4,0,2,0,2
6,2,4,20,8,8,10,8,4,0,6,16,10,6,6,14,12,16,18,6,0,2,8,6,14,8,0,6,6,12,4,8,6,8,2,6,10,4,8,10,6,10,10,2,6,8,30,8,4,2,0,2,10,18,24,4,0,6,24,0,8,0,18,4,16,6,14,6,18,6,28,2,36,8,20,12,28,4,26,0,28,6,22,2,10,4,8,16,6,4,18,6,8,8,4,6,4,4,14,26,6,6,8,6,6,6,8,14,8,2,8,8,2,4,14,8,10,12,6,2,4,6,18,4,14,20,30,4,20,14,4,24,14,26,22,26,24,18,28,18,14,10,6,2,14,18,24,14,14,12,6,10,12,2,24,8,22,12,14,8,6,10,28,30,18,42,28,10,0,2,4,4,6,0,2,4,0,2,6,6,0,2,2,12,4,6,4,0,6,6,10,6,4,2,2,0,2,2,2,2,4,4,4,4,6,4,4,4,4,6,14,4,10,12,20
0,0,2,0,2,4,2,0,2,0,0,0,0,0,10,4,4,4,0,0,2,0,2,2,4,4,0,0,2,0,6,2,2,0,4,2,4,2,0,0,0,0,0,0,2,0,0,2,0,0,0,0,8,4,2,2,0,2,4,2,2,0,0,2,2,0,4,2,10,0,2,2,2,2,2,0,4,0,2,0,6,2,4,0,2,4,6,0,2,0,0,0,0,0,0,2,4,0,2,0,2,2,6,2,4,0,4,0,2,2,0,2,0,2,2,4,2,0,4,0,0,2,0,2,6,0,2,2,2,6,2,10,2,2,2,2,4,8,8,2,2,0,0,0,0,0,4,2,0,4,2,4,0,0,12,4,4,12,4,6,2,2,8,6,4,12,24,2,2,4,0,2,4,0,0,0,2,0,2,0,4,0,0,2,0,2,2,2,4,0,0,2,0,0,0,0,0,0,0,0,0,0,0,0,2,2,0,0,4,0,2,0,4,0,0
8,2,0,2,0,0,0,0,0,2,0,0,2,18,2,2,2,4,0,2,0,2,0,2,8,6,0,0,0,2,0,2,4,2,0,0,0,0,4,0,0,0,2,2,2,2,2,0,0,0,0,2,0,0,6,0,0,2,2,2,4,0,0,2,2,0,6,0,4,0,0,0,2,2,0,6,4,6,0,0,0,0,0,0,0,0,0,0,0,0,0,4,0,2,0,0,32,0,4,10,0,2,4,2,2,2,2,6,0,8,0,0,0,4,0,2,0,2,0,0,0,0,0,0,2,0,4,2,0,2,4,4,2,0,2,2,0,4,6,0,2,0,2,0,0,0,0,4,2,0,2,0,0,2,0,0,2,0,0,0,0,2,2,0,0,0,0,128,96,10,20,16,6,12,8,4,4,4,22,0,0,0,2,0,4,2,0,4,12,4,0,0,2,10,4,0,0,0,0,2,10,4,6,14,6,2,6,4,2,44,2,0,0,0,0
2,2,4,0,0,2,2,2,0,0,0,0,2,12,0,0,0,2,2,0,0,2,0,6,2,6,0,2,0,4,0,0,2,2,0,0,0,2,2,0,2,2,2,2,4,2,4,4,2,2,0,0,4,10,2,0,2,0,2,0,4,0,10,2,0,0,0,0,14,2,2,2,0,0,4,4,2,0,0,4,0,0,2,2,2,0,4,0,0,0,2,0,2,0,2,0,18,0,0,32,0,4,2,2,2,0,6,6,0,18,0,2,4,0,2,10,4,0,0,2,0,0,4,0,6,0,8,0,2,2,0,0,4,4,0,6,0,0,2,6,4,0,4,0,2,4,4,0,6,8,2,0,0,0,2,4,0,6,4,0,2,4,2,2,2,0,0,74,94,16,16,20,10,4,6,0,2,6,22,4,2,0,6,6,2,0,6,14,0,2,0,8,0,2,2,0,4,8,0,2,8,0,6,2,2,4,2,2,0,30,2,0,2,2,2
2,0,0,2,0,4,0,0,0,0,0,0,0,8,0,0,0,0,0,0,0,4,2,0,0,2,0,0,0,0,0,2,0,0,0,0,0,0,0,0,2,0,2,0,0,0,2,0,0,0,0,0,0,2,0,0,0,0,0,0,0,0,0,0,0,2,0,0,0,0,2,0,0,0,0,0,0,0,2,0,0,0,0,0,0,0,0,0,0,0,0,0,0,0,12,0,0,0,2,6,0,10,0,4,0,0,0,0,0,8,0,0,0,0,0,0,0,0,0,0,0,0,4,0,0,0,0,0,0,0,2,0,0,0,0,4,0,0,2,0,0,0,0,0,2,2,4,0,0,0,0,0,0,8,0,2,0,2,4,0,0,0,0,0,0,0,4,8,6,52,34,38,46,0,0,6,0,2,2,0,0,0,0,0,4,2,2,16,6,2,0,2,0,10,10,0,2,0,0,0,4,10,6,6,8,0,0,0,0,30,0,0,0,0,0
0,0,0,0,0,0,0,0,0,0,0,0,2,8,0,0,2,0,0,0,0,0,2,0,0,0,0,0,0,0,0,0,0,0,0,0,0,4,0,2,0,0,0,0,0,0,0,0,0,0,0,2,0,0,2,0,0,0,2,2,0,2,0,2,2,0,0,0,0,0,0,0,0,0,0,0,0,0,0,0,0,0,0,0,2,0,0,0,0,0,0,0,0,0,0,2,2,2,2,2,0,0,0,2,0,8,0,0,0,4,0,2,0,0,0,0,2,0,0,0,0,0,0,0,0,0,0,0,0,0,0,0,0,0,0,0,0,0,0,0,0,0,0,0,0,0,0,0,0,0,2,2,0,0,0,0,2,0,0,0,0,2,0,2,0,0,0,18,2,86,92,64,58,4,8,6,2,0,10,0,0,2,0,6,0,0,0,8,8,2,2,4,0,10,12,2,2,0,2,0,2,0,4,8,4,2,4,2,2,22,0,0,0,0,0
0,2,0,0,0,2,0,0,0,0,0,0,0,6,0,0,0,0,0,0,2,0,0,0,0,0,0,0,0,2,0,4,0,0,0,0,0,0,0,0,2,0,0,0,0,0,0,0,0,0,0,0,0,0,2,0,0,0,0,2,2,0,0,0,2,0,2,0,0,0,2,0,2,4,0,2,0,0,0,0,0,0,0,0,0,0,0,0,0,2,0,2,2,0,0,0,0,0,0,4,4,12,0,2,2,0,0,0,0,6,2,0,0,2,2,0,0,4,0,0,0,0,2,0,0,0,4,0,2,0,0,0,2,4,0,0,0,0,0,0,0,0,0,0,0,0,0,0,0,0,2,2,0,2,2,0,2,2,0,2,2,0,4,2,0,4,2,6,0,28,30,48,32,2,4,4,0,0,8,2,4,0,2,4,0,2,2,4,2,2,0,2,0,4,8,0,6,2,2,2,4,12,12,10,14,0,4,2,2,6,2,0,2,0,2
0,0,0,0,0,0,0,0,0,0,0,0,0,0,0,2,0,0,0,0,0,0,0,0,0,0,0,0,0,0,0,0,0,0,0,0,0,0,0,0,0,0,0,0,0,0,0,0,0,0,0,0,0,0,0,0,0,0,0,0,0,0,0,0,0,0,0,0,0,0,0,0,0,0,0,0,0,0,0,0,0,0,0,4,0,0,0,0,0,0,0,0,0,0,0,0,0,0,0,0,0,2,2,0,0,0,0,0,0,0,0,0,0,0,0,0,0,2,0,0,0,0,0,0,0,0,0,0,0,0,0,0,0,0,0,0,0,0,0,0,0,0,0,0,0,0,0,0,0,0,0,0,0,0,0,0,0,0,0,0,0,0,0,0,0,0,0,2,0,2,6,4,18,0,2,0,0,0,4,0,0,0,0,2,0,0,0,0,2,0,0,0,0,0,0,0,0,0,0,2,0,0,4,0,2,0,0,0,2,2,0,0,0,0,0
0,0,0,0,0,0,0,0,0,0,0,0,0,28,0,0,0,2,0,0,0,0,0,0,0,0,0,0,0,0,0,0,0,2,0,0,0,0,0,0,0,0,0,0,0,2,0,0,0,0,0,0,0,0,0,0,0,0,0,0,0,0,0,0,0,0,0,0,0,2,0,0,0,0,0,0,0,0,0,0,0,0,0,0,0,0,0,0,0,0,0,0,0,0,2,0,0,0,0,0,0,4,0,0,0,2,0,0,0,6,2,0,0,0,0,0,0,0,0,0,0,0,0,0,4,0,0,2,0,0,0,0,0,0,0,0,0,0,0,0,0,0,0,0,0,0,0,0,0,0,0,0,0,0,0,0,0,0,0,0,0,0,0,0,0,0,0,8,2,0,2,4,6,54,6,0,6,2,24,2,0,4,2,2,0,0,0,0,6,0,0,0,0,4,2,0,0,0,0,0,2,2,0,2,0,0,0,0,0,0,0,0,0,0,2
0,0,0,0,0,0,0,2,0,0,0,0,0,20,0,0,0,0,0,0,0,0,0,0,0,0,0,0,0,0,0,0,0,0,0,0,0,2,0,0,0,0,0,0,0,0,0,0,0,0,0,0,0,0,0,0,0,0,0,0,0,0,2,0,0,0,0,0,0,0,0,0,0,0,0,0,0,0,0,2,0,0,0,0,0,0,0,0,0,0,0,0,2,0,0,0,2,4,2,0,0,2,0,0,0,0,2,0,0,4,0,0,0,0,0,0,0,0,0,0,0,0,0,0,2,0,0,0,0,0,2,0,0,0,0,0,0,0,0,0,0,0,0,0,0,0,0,0,2,0,0,0,0,0,0,0,2,0,0,0,0,0,0,0,0,0,0,10,0,6,2,4,2,22,62,2,2,2,70,0,0,4,0,2,0,0,0,6,6,0,0,0,2,2,4,2,6,0,2,0,4,6,2,2,2,0,0,0,0,2,0,0,0,0,0
0,0,0,0,0,0,0,0,0,0,0,0,0,6,0,2,0,0,0,0,0,0,0,0,0,0,0,0,0,0,0,0,0,0,0,0,0,0,0,0,0,0,0,0,0,0,0,0,0,0,0,0,0,4,0,0,0,0,0,0,0,0,0,2,0,0,0,0,0,0,0,0,0,0,0,2,0,0,0,0,0,0,0,0,0,0,0,0,0,0,0,0,0,0,2,0,0,0,0,0,0,0,0,0,0,4,0,0,0,4,0,0,0,6,0,0,0,0,0,2,0,0,0,0,0,0,0,0,0,0,0,0,0,0,0,0,0,0,0,0,0,0,0,0,0,0,0,0,0,0,0,0,0,0,0,0,0,0,0,0,0,0,0,0,0,0,0,0,2,0,0,0,4,0,0,40,22,2,2,4,4,0,8,14,8,4,4,2,2,0,6,4,6,0,4,6,8,14,4,14,6,2,2,0,4,0,4,18,10,0,0,0,0,0,0
0,0,0,0,0,0,0,0,0,0,0,4,0,0,0,0,0,0,0,0,0,0,0,0,2,0,0,0,0,0,0,0,0,0,0,0,0,0,0,0,0,0,0,0,0,0,0,0,0,0,0,0,0,0,0,0,0,0,2,0,0,0,0,0,0,0,0,0,0,0,0,0,0,0,0,0,0,0,0,0,0,0,0,0,0,0,0,0,0,0,0,0,0,0,6,0,0,2,0,0,0,0,0,0,0,0,0,0,0,0,0,0,0,4,0,0,0,0,0,0,0,0,0,0,0,0,0,0,0,2,0,0,0,0,0,0,0,0,0,0,0,0,0,0,0,0,0,0,0,0,0,0,2,0,0,0,0,0,0,0,0,0,2,0,0,0,0,2,0,0,0,0,0,0,0,26,72,2,6,2,0,4,2,10,0,6,4,4,0,6,0,10,2,0,0,4,0,2,10,4,2,2,4,2,0,2,10,0,6,2,0,0,0,0,0
0,0,0,0,0,0,0,0,0,0,0,0,0,4,0,0,0,0,0,0,0,0,0,0,0,0,0,0,0,0,0,0,0,0,0,0,0,0,0,0,0,0,0,0,0,0,2,0,0,0,0,0,0,0,0,0,0,0,0,0,0,0,0,0,0,0,0,0,0,0,0,0,0,0,0,0,0,0,0,0,0,0,0,0,0,0,0,0,0,0,0,0,0,0,2,0,0,10,0,0,0,0,0,0,0,2,0,0,0,0,0,0,0,2,0,0,0,0,0,0,0,0,0,0,6,0,2,0,0,2,0,0,2,0,0,2,0,0,0,0,0,0,0,0,0,0,0,0,0,0,0,0,0,0,0,0,0,0,0,0,0,0,0,0,0,0,0,0,0,2,0,0,8,2,0,8,4,56,2,0,0,4,0,2,2,4,0,0,0,4,6,6,8,0,0,2,0,2,4,0,0,0,4,0,2,0,2,14,8,0,4,0,0,0,0
4,2,0,0,0,0,0,0,0,0,0,0,0,26,0,2,0,0,2,0,0,0,0,2,0,0,0,0,0,2,0,0,0,0,0,0,0,0,0,0,0,0,0,2,0,0,2,0,0,0,0,0,0,0,2,0,0,0,0,0,0,0,2,0,0,0,0,0,0,0,0,0,0,0,0,0,0,0,0,0,0,0,0,0,0,0,0,0,0,0,0,0,0,0,0,0,2,0,0,0,0,0,0,0,0,0,0,0,0,0,0,0,0,0,2,0,0,0,0,0,0,0,0,2,0,0,0,0,0,0,0,2,0,0,0,0,0,0,0,0,0,0,0,0,0,0,2,0,0,0,0,0,0,0,0,0,0,0,0,0,0,0,0,0,0,0,0,22,2,6,4,6,2,10,10,0,2,0,136,0,0,4,0,0,0,0,0,2,8,2,0,0,0,2,4,2,2,0,0,0,0,0,4,2,2,0,0,0,0,4,2,2,0,0,0
2,0,0,0,0,0,0,0,0,0,2,0,0,0,2,0,0,0,0,0,0,0,0,0,0,0,0,0,0,0,0,0,0,0,0,0,0,0,2,2,0,0,0,0,0,0,0,0,0,0,0,0,2,2,0,0,0,2,0,0,0,0,0,0,0,0,0,0,0,2,0,0,0,0,0,0,0,0,0,0,0,0,0,0,0,0,0,0,0,0,0,0,0,2,10,0,0,18,0,0,0,12,0,0,0,4,0,2,0,24,0,0,0,16,0,0,0,0,0,0,0,0,0,0,0,2,0,0,0,0,0,0,0,0,0,0,0,0,0,0,0,0,0,0,0,0,0,0,0,0,0,0,0,0,0,0,0,0,0,0,0,0,0,0,0,0,0,4,0,0,0,0,2,0,0,8,8,12,2,66,20,18,10,28,12,8,30,2,10,14,4,8,18,0,4,18,30,14,26,14,16,14,6,8,16,6,10,12,8,2,0,0,0,0,0
0,2,2,4,0,2,2,0,0,0,0,0,2,12,2,4,4,4,0,2,0,0,0,0,0,2,0,0,0,2,0,0,2,4,0,2,0,2,4,2,0,4,2,0,0,2,2,0,4,2,2,0,6,0,10,2,0,6,0,0,6,0,6,2,4,0,6,0,6,0,2,0,2,0,0,4,0,0,2,0,2,2,2,0,2,2,2,0,2,2,2,0,0,0,150,4,2,60,0,4,4,48,2,8,2,160,2,4,0,52,2,0,2,148,2,6,0,2,4,0,0,4,0,2,0,2,2,4,0,0,4,2,0,0,0,0,0,2,2,0,4,0,4,2,2,0,0,0,4,2,2,2,4,4,0,0,2,0,0,2,0,0,0,0,2,0,0,12,14,12,10,10,6,2,6,132,122,60,24,98,184,184,164,296,116,312,162,28,34,70,62,98,94,40,18,86,138,94,82,92,68,86,46,32,56,40,130,80,88,10,4,0,2,4,2
0,4,2,8,2,0,2,2,0,2,0,6,2,2,4,4,4,6,0,0,0,0,0,2,2,2,0,0,4,0,2,2,8,0,2,2,2,0,2,4,2,4,4,0,0,2,2,0,0,0,0,0,4,0,4,0,0,0,0,2,2,0,0,0,0,0,0,0,0,4,2,0,0,0,0,4,2,0,0,0,0,0,0,2,2,0,2,0,0,2,0,2,0,0,96,0,0,86,4,6,2,30,2,2,0,68,2,4,0,78,2,6,2,96,2,8,0,4,2,4,2,0,2,0,6,2,0,2,10,4,2,2,8,2,0,8,2,0,2,0,0,0,0,0,4,0,4,2,8,2,2,2,0,2,6,0,0,2,2,0,0,2,0,0,4,2,2,6,0,6,8,10,8,6,2,100,40,42,8,54,44,82,72,142,50,150,106,10,26,32,34,54,62,10,24,82,84,78,64,134,50,42,38,58,32,46,48,86,72,12,2,4,6,2,0
0,0,2,0,2,0,0,0,0,0,0,0,0,2,2,2,0,2,2,0,0,0,0,0,0,0,0,0,0,0,0,0,0,0,0,0,0,0,0,0,0,0,2,0,0,0,0,0,0,0,0,0,0,2,0,0,0,0,0,0,0,0,2,0,0,0,0,2,0,0,2,0,0,0,0,4,0,0,0,0,0,2,0,0,0,0,0,0,0,0,0,0,0,0,32,0,0,20,0,2,0,10,0,0,0,20,0,0,2,2,0,10,0,48,0,4,2,0,0,0,2,0,0,0,4,0,2,0,4,0,0,2,0,0,0,0,0,0,0,0,0,0,0,0,0,2,0,0,2,2,0,0,2,2,0,0,2,0,2,2,0,0,2,0,0,0,0,2,4,0,10,4,8,2,0,16,44,32,8,28,24,20,64,58,18,58,44,2,6,12,18,20,20,4,8,36,48,32,38,56,10,8,10,14,16,24,60,44,24,2,0,0,0,0,0
0,0,0,0,0,0,0,0,0,0,0,2,0,4,0,4,0,2,2,0,0,0,0,0,0,0,0,0,0,0,0,0,2,2,0,0,0,0,0,4,0,0,0,0,2,0,0,0,0,0,2,0,2,2,0,0,0,0,0,0,0,0,0,0,0,0,0,0,0,0,0,0,2,0,0,0,0,0,0,0,0,2,0,2,0,0,0,0,0,0,0,0,0,0,24,0,4,12,0,0,0,4,0,0,0,30,0,2,0,2,0,0,0,36,0,2,0,0,0,0,4,0,0,0,0,2,0,0,0,0,2,0,0,0,0,2,0,0,2,2,0,0,2,0,0,0,0,0,0,2,0,0,0,0,0,0,0,4,0,0,0,0,0,2,0,0,0,2,0,2,4,2,2,2,2,4,34,10,0,30,10,10,28,78,18,52,16,8,6,16,4,18,12,2,2,6,12,18,18,2,16,6,4,4,4,2,14,16,12,2,2,0,2,0,2
0,0,0,0,0,0,0,0,0,0,0,0,0,0,0,0,0,0,0,0,0,0,0,0,0,0,0,0,0,0,0,0,0,0,0,0,0,0,0,0,0,0,0,0,0,0,0,0,0,0,0,0,0,0,0,0,0,0,0,0,0,0,0,0,0,0,0,0,0,0,0,0,0,0,0,0,0,0,0,0,0,0,0,0,0,0,0,0,0,0,0,0,0,0,2,0,0,0,0,0,0,2,0,0,0,2,0,0,0,2,0,0,0,6,0,0,0,0,0,0,0,0,0,0,0,0,0,0,0,0,0,0,0,0,0,0,0,0,0,0,0,0,0,0,0,0,0,0,0,0,0,0,0,0,0,0,0,0,0,0,0,0,0,0,0,0,0,0,0,0,0,0,0,0,0,2,2,0,2,0,10,2,4,6,8,2,8,0,0,0,0,0,0,2,0,2,4,0,2,0,0,2,6,0,0,2,0,2,2,0,0,0,0,0,0
0,0,0,0,2,4,0,0,0,0,0,0,0,6,0,2,0,0,0,0,0,2,0,0,0,0,0,0,0,0,0,0,0,0,0,0,0,0,0,0,0,0,0,0,0,0,0,0,0,0,0,0,2,0,0,0,0,0,0,0,0,0,0,0,0,0,0,0,2,0,0,0,0,2,0,0,0,0,0,0,0,0,0,0,0,0,0,0,0,0,0,2,0,0,34,0,0,18,0,0,0,2,0,2,0,30,0,2,0,14,0,0,2,12,0,0,0,0,0,0,0,0,0,2,0,0,0,0,0,0,0,0,0,4,0,0,2,2,2,0,0,0,0,0,0,0,0,0,0,2,0,0,0,0,0,0,0,0,0,0,0,2,2,2,0,0,0,0,0,0,4,4,0,2,2,28,14,20,2,12,14,24,18,66,32,58,44,10,4,18,16,22,22,2,2,14,32,20,12,18,16,4,14,8,6,8,26,34,6,4,0,0,0,0,0
0,0,0,0,0,0,0,0,0,0,0,0,0,2,2,0,2,2,0,0,0,0,2,0,0,0,2,0,0,0,0,0,2,0,0,0,0,0,4,0,0,0,0,0,0,0,0,0,0,0,0,0,0,0,4,0,0,0,0,0,0,0,0,0,0,0,0,0,2,0,0,0,0,2,0,0,0,2,0,0,0,0,0,0,0,0,0,0,0,0,0,0,0,0,8,0,0,6,0,0,0,2,0,4,0,4,0,0,0,8,0,0,0,8,2,0,0,0,0,0,0,0,2,0,0,0,0,0,0,2,0,2,0,0,0,0,0,0,0,0,0,0,0,0,0,0,0,0,0,2,0,0,0,0,0,0,0,0,0,0,0,0,0,0,0,2,0,2,0,0,2,0,2,0,2,4,6,10,6,12,6,12,8,10,12,30,14,0,4,6,2,6,14,4,2,12,4,6,0,14,8,2,2,4,6,2,8,10,4,0,0,0,0,0,0
0,0,0,0,0,0,0,0,0,0,0,0,0,2,0,2,0,0,0,0,0,0,0,0,0,0,0,0,0,0,0,0,0,0,0,0,0,0,0,0,2,0,0,0,0,0,0,0,0,0,0,0,0,0,0,0,0,0,0,0,0,0,0,0,4,0,0,0,0,0,0,0,0,0,0,0,0,0,0,2,0,0,0,0,0,0,0,0,0,0,0,0,0,0,4,0,2,2,0,0,0,12,0,0,0,4,0,0,0,20,0,0,0,8,0,2,0,0,2,0,0,0,0,0,0,2,0,0,0,0,0,0,2,0,2,0,0,0,0,2,0,0,0,0,0,0,0,0,0,0,0,0,0,0,0,0,0,0,0,0,0,0,0,0,0,0,0,6,0,4,6,4,6,0,0,2,0,0,0,2,8,0,2,8,2,4,2,102,88,4,2,0,0,26,8,2,2,2,2,0,22,24,10,14,12,0,2,2,4,6,0,0,0,0,0
2,2,6,8,2,4,0,0,0,4,2,0,0,24,4,2,4,2,0,0,6,0,0,0,2,2,0,0,0,0,0,2,0,0,0,2,0,0,0,2,4,6,0,0,2,2,4,0,6,0,0,0,2,4,2,2,0,0,4,2,6,0,0,4,0,2,2,0,0,6,2,2,0,0,2,0,2,4,2,2,2,0,0,0,0,10,0,0,0,0,0,2,2,0,20,2,0,12,2,0,6,60,0,0,0,18,0,0,4,112,4,4,4,24,12,2,0,0,4,6,0,0,0,2,0,0,4,2,2,4,0,4,4,0,2,0,0,2,0,4,0,0,0,0,2,2,4,0,0,0,2,0,0,0,6,2,0,0,2,0,6,0,0,0,0,0,2,16,8,22,24,22,22,12,14,2,18,4,32,12,16,4,24,58,20,36,42,92,160,14,4,16,14,44,38,20,30,22,22,32,84,50,66,82,150,12,16,14,16,22,2,0,0,0,2
0,2,0,0,0,2,0,0,0,0,0,0,0,0,2,0,2,0,0,0,0,0,0,0,0,0,0,0,0,0,0,2,0,0,2,0,0,0,0,0,0,2,0,0,0,0,0,0,0,0,0,0,0,0,0,0,0,0,0,0,0,0,0,0,0,2,0,0,0,0,0,0,0,0,0,0,0,0,0,0,0,0,0,0,0,0,0,0,0,0,0,0,0,0,4,0,0,0,0,0,0,2,0,2,0,2,0,0,0,0,0,0,0,2,0,0,0,0,0,0,0,0,0,0,0,0,0,0,0,0,2,0,0,0,2,0,2,0,0,0,0,0,0,0,0,0,0,0,0,0,0,0,0,0,0,0,0,2,0,0,2,0,2,0,0,0,0,2,0,0,0,0,0,0,0,6,0,4,2,0,0,2,2,10,0,4,2,0,2,88,48,12,0,0,0,0,4,0,0,2,2,0,2,0,2,16,8,20,8,2,0,0,0,0,0
0,0,0,0,4,2,0,0,0,0,0,0,0,2,0,0,0,0,0,0,0,0,0,0,0,0,0,0,0,0,0,0,0,0,0,0,0,0,0,4,0,0,0,0,0,0,2,0,0,0,0,0,0,0,0,0,0,0,0,2,0,0,0,0,0,0,0,4,0,0,0,0,0,0,0,0,0,0,0,0,0,0,0,0,0,0,0,0,0,0,0,0,0,0,2,0,0,8,6,0,0,6,0,0,0,2,0,0,0,6,0,0,0,6,0,0,0,0,0,0,0,0,2,0,2,0,0,0,0,0,0,0,0,0,2,0,2,6,0,0,0,0,0,0,0,0,0,0,0,0,0,0,0,0,0,0,0,0,0,0,0,2,2,2,0,0,0,0,2,0,2,0,0,0,2,12,2,22,0,4,2,0,4,8,2,10,6,2,2,78,54,12,10,0,0,8,10,0,4,8,2,2,6,4,18,14,8,30,16,0,0,0,0,0,0
0,0,0,0,0,0,0,0,0,0,0,0,0,0,0,0,0,0,0,0,0,0,0,0,0,0,0,0,0,0,0,0,0,0,0,0,0,0,0,0,0,0,0,0,0,0,0,0,0,0,0,0,0,0,0,0,0,0,0,0,0,0,0,0,0,0,0,0,0,0,0,0,0,0,2,0,0,0,0,0,0,0,0,0,0,0,0,0,0,0,0,0,0,0,0,0,0,4,0,0,0,0,0,0,0,2,0,0,0,2,0,0,0,0,0,0,0,0,0,0,0,0,0,0,0,0,0,0,0,0,0,0,0,0,0,2,0,0,0,0,0,0,0,0,0,0,0,0,0,0,0,0,0,0,0,0,0,0,0,0,0,0,0,0,0,0,2,2,0,0,0,0,0,0,0,2,4,2,0,0,0,0,2,0,2,4,2,0,0,8,4,14,8,2,0,0,0,2,2,2,2,2,0,0,0,6,8,4,2,0,0,0,0,0,0
0,0,0,0,2,0,0,0,0,0,0,2,0,4,0,0,8,2,6,0,2,0,0,0,0,0,0,2,0,0,4,2,4,0,0,2,0,0,0,0,0,0,4,2,0,0,4,0,2,0,0,0,0,4,2,2,2,4,0,0,0,0,0,2,4,0,2,0,0,2,0,0,2,4,0,0,2,0,2,0,0,0,2,0,0,0,0,0,2,0,2,0,0,2,22,0,2,10,0,2,2,8,2,4,0,20,0,4,0,6,2,4,0,12,0,0,0,0,0,0,2,0,0,0,2,4,2,0,0,0,2,0,0,0,2,0,2,4,0,0,0,0,0,0,6,0,0,0,0,2,0,2,0,0,0,0,0,2,0,2,0,2,0,0,0,0,0,2,0,0,4,0,0,2,0,20,30,18,2,28,6,12,14,32,10,36,8,4,0,16,16,84,90,4,8,18,22,20,14,12,4,2,10,4,14,18,24,28,24,4,0,0,0,0,0
6,0,0,0,0,0,0,0,0,0,0,0,2,2,2,0,0,0,0,0,0,0,0,0,2,0,0,0,0,0,0,0,0,0,0,0,0,0,0,0,4,2,0,0,0,0,0,0,0,0,0,0,0,2,0,0,0,0,0,0,2,0,0,2,0,0,0,0,0,0,0,0,0,0,0,0,0,0,2,0,0,0,0,0,0,0,0,0,0,0,0,0,0,0,2,0,0,0,0,0,0,6,0,0,0,4,0,0,0,4,0,0,0,0,4,2,0,0,0,2,0,0,0,0,0,0,0,0,0,0,0,0,6,0,0,0,0,2,0,0,0,0,0,0,0,0,0,0,0,0,0,2,0,0,0,0,0,0,0,0,0,0,0,0,0,0,0,0,0,0,4,0,2,2,2,4,0,2,2,4,4,0,0,8,0,2,0,22,20,0,4,2,4,30,34,0,2,8,12,8,16,4,2,6,2,0,2,2,0,2,0,0,0,0,0
0,0,0,0,0,0,0,0,0,0,0,0,0,2,0,0,0,0,0,0,2,0,0,0,0,0,0,0,0,0,0,0,0,0,0,0,0,0,2,0,0,0,0,0,0,0,0,0,0,0,0,0,0,0,0,0,0,0,0,0,0,0,0,0,0,0,0,0,0,0,0,0,0,0,2,0,0,0,0,0,0,0,0,0,0,2,0,0,0,0,0,0,2,0,8,0,0,0,0,0,0,4,0,0,0,4,0,0,0,24,0,0,0,4,0,0,0,0,0,0,0,0,0,0,0,0,0,0,0,0,0,0,0,0,0,0,0,0,0,0,2,0,0,0,0,0,0,0,0,0,0,0,0,0,2,0,0,0,0,0,0,0,0,0,0,2,0,0,0,2,2,4,2,0,0,2,0,0,2,0,2,0,2,4,0,4,16,6,4,4,4,2,0,22,36,6,6,2,4,0,20,12,8,12,52,4,10,4,0,2,0,0,0,0,0
0,0,0,0,0,0,0,0,0,0,0,0,0,0,0,0,0,0,0,0,0,0,0,0,0,0,0,0,0,0,0,0,0,0,0,0,0,0,0,0,0,0,0,0,0,0,0,0,0,0,0,0,0,0,0,0,0,0,0,0,0,0,0,0,0,0,0,0,0,0,0,0,0,0,0,0,0,0,0,0,0,0,0,0,0,0,0,0,0,0,0,0,0,0,0,0,0,2,0,0,0,0,0,0,0,2,0,0,0,0,0,0,0,0,0,0,0,0,0,0,0,0,0,0,0,0,0,0,0,0,0,0,0,0,0,0,0,0,0,0,0,0,0,0,0,0,0,0,0,0,0,0,0,0,0,0,0,0,0,0,0,0,0,0,0,0,0,0,2,0,0,0,0,0,0,0,0,0,0,2,2,0,0,0,0,6,0,0,0,0,0,0,0,0,0,16,10,22,14,16,2,0,0,6,0,0,0,0,0,0,0,0,0,0,0
2,0,0,0,0,0,0,0,0,0,0,0,0,0,0,0,0,0,0,0,0,0,0,0,0,0,0,0,0,0,0,0,0,0,0,0,0,0,0,0,0,0,0,0,0,0,0,0,0,0,0,0,2,2,2,0,0,0,0,0,0,0,0,0,0,0,0,0,0,0,0,0,0,0,0,0,0,0,0,0,0,0,0,0,0,0,0,0,0,0,0,0,0,0,8,0,0,2,0,0,0,0,0,0,2,10,0,2,0,8,0,0,2,14,0,0,0,0,0,0,0,0,0,0,0,0,0,0,0,2,2,0,0,0,0,0,0,0,0,0,0,0,0,0,0,0,0,0,0,0,0,0,0,0,0,0,0,0,0,2,0,0,0,0,0,0,0,0,0,0,2,0,0,0,0,12,18,4,2,4,6,2,10,18,0,2,4,4,0,2,2,4,10,2,4,44,72,48,34,60,0,4,2,0,4,6,6,6,4,2,0,0,0,0,0
0,2,0,0,0,0,0,0,0,0,0,0,0,0,0,0,0,0,0,0,0,0,0,0,0,0,0,0,0,0,0,0,2,0,0,2,0,0,0,0,0,0,0,0,0,0,0,0,0,0,0,0,0,0,0,0,0,0,0,0,0,0,0,0,0,0,0,0,0,0,0,0,0,0,0,0,0,2,0,0,0,0,0,0,0,0,0,0,0,0,0,0,0,0,0,0,0,6,0,0,0,0,0,0,0,10,0,0,0,10,0,0,0,12,0,0,0,0,0,0,0,0,0,0,2,0,0,0,0,0,0,0,0,0,2,0,0,4,0,0,0,0,2,0,0,0,0,0,0,0,0,0,0,0,0,0,0,0,0,0,0,0,2,0,0,2,0,0,0,0,4,0,0,2,2,10,20,2,2,8,6,8,12,10,2,6,4,2,6,0,6,2,4,2,8,72,66,104,44,64,2,4,4,0,4,12,4,0,6,2,0,0,2,0,0
0,0,0,2,2,0,2,0,0,0,0,6,0,2,0,2,2,0,0,0,0,0,0,0,0,0,0,0,0,0,0,0,2,2,0,0,2,0,0,0,0,0,0,0,0,2,0,0,0,2,0,0,0,2,2,2,0,0,0,0,0,4,2,0,0,0,0,0,2,0,0,0,0,4,0,2,0,0,0,2,0,0,0,0,0,0,0,0,0,0,2,0,0,0,20,0,0,12,0,0,0,4,0,2,0,4,2,2,0,8,0,2,0,14,2,0,0,0,0,2,0,0,0,2,2,2,0,0,0,0,0,0,2,0,2,4,2,0,2,0,0,0,0,0,0,0,0,0,0,0,0,0,0,0,0,0,0,0,2,2,0,0,0,0,6,2,0,0,0,4,4,2,4,0,0,30,34,12,6,18,12,12,30,32,18,16,18,6,4,6,6,8,12,6,12,60,66,80,88,82,4,8,2,6,12,12,20,26,14,4,0,2,2,0,0
0,0,0,0,0,0,0,0,0,0,0,0,0,0,2,0,0,2,0,0,0,0,0,0,0,0,0,0,0,0,0,0,0,0,0,0,0,2,0,0,0,0,0,0,0,0,0,0,0,0,0,0,0,2,2,0,0,0,0,0,0,0,0,0,0,2,0,0,0,0,0,0,0,0,0,0,0,0,2,0,2,0,4,0,0,0,0,0,0,0,0,0,0,0,4,0,0,4,0,0,0,2,0,0,0,8,0,0,0,2,0,0,0,4,0,0,0,0,0,0,0,0,0,0,0,0,0,0,0,0,0,0,2,0,0,4,0,0,2,0,0,0,0,0,0,0,0,2,0,0,0,0,0,0,0,0,0,0,0,0,0,0,0,0,0,0,0,0,0,0,0,0,4,0,0,10,6,0,0,4,4,6,4,10,4,2,10,0,0,4,6,10,4,6,0,26,40,32,42,54,4,0,6,0,4,4,10,4,2,0,0,0,0,0,0
0,2,0,0,0,0,0,0,0,0,0,0,0,2,0,0,0,0,4,0,0,0,0,0,0,2,0,0,0,0,0,0,0,0,0,0,0,0,0,0,0,2,0,0,0,2,0,0,0,2,0,2,0,0,2,0,0,0,0,0,0,0,0,0,0,0,0,0,0,0,2,0,0,2,0,0,0,0,0,0,0,0,0,0,0,0,0,0,0,0,0,0,0,0,14,0,0,30,0,0,0,34,0,2,0,18,0,0,0,106,0,0,0,28,4,0,0,0,0,0,0,0,0,0,0,0,0,0,0,0,2,0,2,0,0,0,0,0,0,0,0,0,0,0,0,0,0,0,0,0,0,0,0,0,2,0,0,0,0,0,0,0,0,0,0,0,0,4,2,0,6,6,6,4,0,12,12,12,8,12,10,14,20,54,12,26,42,6,4,2,6,4,20,14,6,22,28,66,14,26,114,32,42,88,164,20,22,10,10,12,0,0,0,0,0
0,0,0,0,0,0,0,0,0,0,0,0,0,2,0,0,0,0,0,0,0,0,0,0,0,0,0,0,0,0,0,0,0,0,0,0,0,0,2,0,0,2,0,0,0,4,0,0,0,0,0,4,0,0,0,0,0,0,0,0,0,0,0,0,0,0,0,0,0,0,0,0,0,0,2,0,0,0,0,0,0,0,0,0,0,0,0,0,0,0,0,0,0,0,4,0,0,4,0,0,2,20,0,2,0,2,0,0,0,44,0,0,0,6,0,0,0,0,0,0,2,0,0,0,0,0,0,0,0,2,0,2,0,0,0,0,0,0,0,0,2,0,0,0,0,0,0,0,0,0,0,0,0,0,0,0,0,0,0,0,0,0,0,0,0,0,0,0,0,2,6,2,4,0,2,10,8,6,6,4,6,0,4,2,2,6,4,8,2,4,4,2,2,4,0,4,4,4,2,2,18,32,30,32,42,6,10,6,10,4,0,0,0,0,2
2,0,0,0,0,0,0,0,0,0,0,0,0,0,0,0,0,0,0,0,0,0,0,0,0,0,0,0,0,0,0,2,0,0,0,0,0,0,0,0,0,0,0,0,2,0,2,0,0,0,0,0,0,2,0,0,0,0,0,0,0,0,0,0,0,0,0,0,0,0,0,0,2,0,0,0,0,0,0,0,0,0,0,0,0,0,2,0,0,0,0,0,0,2,4,0,0,0,0,0,0,18,2,0,0,2,0,0,0,46,0,2,0,4,2,2,0,0,0,0,0,0,0,0,2,0,0,0,0,0,0,0,0,0,0,0,0,0,0,0,0,0,0,0,0,0,0,0,0,0,0,0,0,0,0,2,0,0,0,2,2,0,0,0,0,0,0,0,4,2,10,2,4,0,0,0,6,0,2,0,2,4,4,4,2,0,4,10,6,0,0,2,0,8,10,0,2,0,2,6,38,32,36,32,32,8,12,2,2,4,0,0,2,0,0
2,0,2,2,0,2,0,0,0,0,0,0,0,6,2,0,0,2,0,0,0,0,0,0,0,0,0,0,0,0,0,0,0,0,0,0,0,0,0,0,0,0,0,4,0,2,0,0,0,0,0,0,0,0,0,2,0,0,0,0,2,0,2,0,2,0,2,2,0,0,0,2,0,2,0,0,0,0,0,2,0,0,0,0,0,0,0,2,0,0,0,0,0,0,12,0,0,2,0,0,0,26,0,0,0,8,0,0,0,88,2,0,0,4,0,0,0,0,0,0,0,0,0,0,0,0,0,2,0,0,0,0,0,2,0,0,0,0,0,0,0,0,0,0,0,0,0,0,0,2,0,2,0,0,0,0,0,0,0,0,0,0,0,0,0,0,0,2,0,6,6,6,6,0,8,2,6,0,2,2,0,6,6,18,8,8,2,14,12,4,6,4,6,8,18,2,16,8,6,6,60,24,72,72,68,0,12,8,8,4,0,0,0,0,0
0,0,0,0,0,0,0,0,0,0,0,2,2,14,0,6,0,0,0,0,0,0,0,0,2,2,0,0,0,2,0,0,0,2,0,0,0,0,0,0,2,0,0,0,0,0,2,0,0,0,0,0,2,0,0,0,2,0,0,0,2,2,0,0,0,0,2,0,0,0,0,2,0,0,0,0,0,0,0,0,0,0,0,0,0,0,0,0,0,0,2,0,0,0,18,0,4,12,0,0,0,46,0,2,0,12,2,0,0,120,0,0,0,10,0,2,2,2,0,2,2,0,2,0,6,0,2,0,2,0,0,0,2,0,0,0,0,0,0,0,0,0,0,0,0,0,0,0,2,0,0,0,0,0,2,0,2,0,0,0,0,0,0,0,0,4,4,4,0,2,10,6,10,0,0,18,18,2,6,4,6,12,18,16,2,26,6,22,14,6,4,4,6,22,8,4,4,6,4,18,80,82,88,116,108,14,12,8,8,6,0,2,2,0,2
0,0,0,0,0,4,0,0,0,0,0,0,0,4,0,0,2,0,2,0,0,0,0,2,0,0,0,0,0,0,0,0,2,2,0,0,0,0,0,0,2,0,0,0,0,0,4,0,0,0,0,2,0,0,0,0,0,6,2,2,0,2,0,0,0,0,2,0,2,0,0,4,0,0,0,0,2,0,0,0,0,0,2,0,0,0,0,0,0,0,0,0,0,0,4,0,0,2,0,0,0,2,0,0,0,2,0,4,0,6,0,2,0,0,0,4,0,0,0,0,0,0,0,0,4,0,0,0,0,0,0,2,8,2,0,0,0,0,4,0,0,0,0,0,0,0,0,0,0,0,2,0,2,0,0,0,0,0,0,0,0,0,0,0,0,0,0,0,0,0,2,0,0,2,0,6,10,2,0,4,4,2,2,12,2,8,2,6,0,16,34,16,22,2,2,4,2,6,6,8,6,8,4,4,4,80,36,16,12,4,2,0,0,0,0
0,0,0,4,2,0,0,0,2,0,0,2,2,2,2,2,4,0,2,0,0,4,0,0,0,0,0,0,0,0,0,0,2,0,0,0,0,0,0,0,0,2,2,0,0,0,2,0,0,0,0,0,2,2,2,0,0,0,2,0,2,0,2,0,0,0,2,0,0,0,0,0,0,0,0,0,0,0,0,0,0,0,0,0,0,0,0,0,0,0,0,0,0,0,14,0,0,4,0,0,0,4,2,0,0,6,2,2,0,6,0,0,0,10,0,2,0,0,2,0,0,0,0,0,0,0,0,0,2,0,0,0,0,2,0,2,2,0,0,0,0,0,0,0,4,0,0,0,0,0,0,0,0,0,0,0,2,0,0,0,0,0,0,0,0,2,0,0,0,0,2,2,0,2,0,4,2,2,2,0,0,6,6,6,0,6,4,0,0,8,10,4,2,0,0,4,4,6,4,2,2,4,4,0,0,28,54,8,6,4,0,0,0,0,0
0,0,0,0,0,0,4,0,0,0,0,0,0,2,0,0,2,0,0,0,0,0,0,0,0,0,0,0,0,0,0,0,0,0,0,0,0,0,0,2,0,0,0,0,0,0,0,0,0,0,0,0,0,0,0,0,0,0,0,0,0,0,0,0,0,2,0,0,0,0,0,0,0,0,0,0,0,0,0,0,0,0,0,0,0,0,0,0,0,0,0,0,0,0,6,0,0,0,0,0,0,0,0,0,0,4,0,0,0,2,0,0,0,0,0,0,0,0,0,0,0,0,0,0,0,2,0,2,0,0,0,0,0,0,0,0,0,0,0,0,0,0,0,0,0,0,0,0,0,0,0,0,0,0,0,0,0,0,0,0,0,0,0,0,0,0,0,0,0,0,0,2,0,0,0,2,12,10,0,0,0,0,2,2,2,10,2,0,0,2,2,8,4,0,2,6,4,0,10,12,6,2,2,4,0,6,2,68,70,2,0,0,0,0,0
0,0,0,0,2,0,0,0,0,0,2,0,0,0,10,0,0,2,2,0,0,0,0,0,0,2,0,0,0,0,0,0,2,2,0,0,0,0,2,2,0,0,2,0,0,0,0,0,0,0,2,0,0,0,0,0,0,0,0,2,0,0,0,0,0,0,0,2,0,0,0,0,0,0,0,0,2,0,0,0,0,0,0,0,0,0,0,0,2,2,0,0,0,0,6,0,0,0,0,0,0,2,0,0,0,6,0,0,0,18,0,0,0,16,0,0,0,0,0,0,0,0,0,0,2,0,0,0,0,0,0,0,0,0,0,0,0,0,0,0,0,0,0,0,0,0,0,0,0,0,0,0,0,0,0,0,0,0,0,0,0,0,0,0,0,0,0,2,2,2,2,2,0,0,0,10,8,12,2,0,8,4,10,8,0,16,4,2,6,16,14,8,16,4,4,4,6,4,6,16,14,2,0,6,2,4,8,66,70,4,0,0,0,0,2
2,2,0,0,4,0,0,0,0,0,0,4,2,4,0,4,4,2,0,0,0,0,2,6,2,2,0,0,0,0,0,2,0,0,0,0,0,2,4,4,0,0,0,0,0,0,0,0,0,0,0,0,4,0,0,4,0,0,0,0,0,0,2,0,0,0,2,0,2,0,2,4,0,0,0,8,0,0,4,0,0,2,0,2,4,0,0,0,0,0,0,0,0,0,0,0,4,4,0,4,2,4,2,0,0,4,4,0,0,4,0,0,0,2,4,0,0,0,0,2,0,2,0,0,0,0,2,0,0,0,0,0,0,2,4,0,0,0,4,0,4,0,0,0,0,4,2,0,0,0,0,0,0,0,0,0,0,0,0,0,2,2,0,8,0,10,4,8,12,28,12,14,12,4,4,2,6,2,10,0,0,2,0,0,0,0,0,8,8,2,2,0,2,4,6,4,0,2,2,0,4,4,4,0,4,4,8,6,2,122,0,0,0,0,0
2,0,0,4,8,4,0,0,0,2,4,8,12,2,8,6,8,2,2,0,0,0,2,0,0,0,0,0,6,6,0,2,4,6,2,0,2,4,2,6,2,10,8,0,2,4,10,4,0,2,0,2,4,8,16,2,8,2,6,2,8,0,10,2,6,2,6,0,6,0,10,2,10,0,6,2,2,2,2,0,4,0,4,2,4,2,4,0,0,8,6,4,0,2,6,0,2,2,4,6,0,4,0,4,4,6,0,8,4,2,4,2,0,0,2,6,4,0,0,6,4,2,6,4,2,6,12,0,8,20,0,14,6,16,8,16,10,6,6,8,8,0,4,0,6,4,28,6,4,2,4,2,0,4,4,4,0,8,6,2,0,2,12,10,2,14,12,6,4,2,6,0,0,0,2,0,0,4,0,0,0,4,2,6,2,2,4,0,4,6,6,10,2,2,0,0,4,0,0,0,0,0,0,2,2,2,4,10,6,2,14,8,4,2,14
4,8,4,8,10,12,16,2,4,6,6,6,20,2,2,2,6,2,6,4,4,8,2,10,14,6,2,2,4,10,4,6,8,6,2,8,8,6,0,2,2,12,6,4,2,2,8,4,12,0,4,2,4,0,4,16,4,6,4,6,4,6,8,8,2,4,8,4,0,6,10,2,6,12,2,8,2,4,8,0,6,8,10,4,6,6,10,6,4,12,16,14,10,18,12,8,4,4,22,4,0,0,4,2,8,6,16,8,2,2,8,6,6,4,16,2,2,6,4,2,20,6,4,20,4,6,4,4,4,4,6,6,10,8,2,2,4,6,4,2,8,8,10,4,22,10,8,10,6,12,22,0,16,8,22,10,6,4,8,16,20,14,10,2,4,2,0,4,4,10,4,12,2,2,0,4,0,0,4,2,4,8,6,12,0,10,14,2,0,4,2,0,2,0,4,0,2,2,0,4,0,4,0,4,2,2,4,4,4,14,8,14,0,12,4
18,20,20,44,34,36,22,8,12,6,10,44,42,24,20,18,28,26,18,18,12,16,10,22,44,22,6,6,8,54,20,28,34,18,26,26,22,32,8,24,26,20,28,26,12,22,48,16,22,26,16,10,24,28,48,34,8,26,68,12,46,22,30,22,42,22,34,22,36,16,38,24,34,14,26,36,16,64,32,28,10,20,22,24,34,20,14,40,14,40,54,54,30,36,44,58,22,44,38,50,10,6,46,18,18,48,30,54,24,30,54,24,8,12,134,38,12,46,30,10,46,16,26,60,30,20,22,16,38,34,20,28,38,32,26,42,20,18,12,16,42,46,34,8,74,60,48,72,36,44,46,22,32,52,90,84,76,58,82,36,28,62,42,40,60,44,78,34,24,22,22,14,16,12,6,12,22,10,20,6,38,32,28,42,20,50,46,16,24,18,10,14,18,8,4,14,14,14,12,22,30,12,6,6,8,14,38,24,22,38,36,38,96,40,30
60,48,54,184,120,140,138,116,26,46,36,148,184,48,98,136,114,96,128,44,56,60,38,78,156,94,24,20,38,220,102,124,142,132,70,84,66,112,122,112,98,122,118,74,74,86,200,82,54,40,58,26,112,96,200,104,60,74,286,78,152,66,288,72,200,58,206,82,184,74,310,48,212,70,190,122,166,102,232,38,192,56,200,36,148,68,156,106,220,98,164,86,98,96,88,132,38,40,138,118,58,38,146,68,78,76,128,134,90,40,216,90,70,32,316,90,72,244,82,56,194,46,116,172,96,148,176,60,178,218,96,202,104,236,166,222,250,182,172,112,332,204,244,196,280,300,382,238,242,196,154,138,156,154,338,302,238,312,306,170,204,242,290,264,278,306,302,134,80,54,74,64,40,26,10,46,28,22,62,18,78,68,76,152,24,106,74,46,40,50,56,28,40,8,26,42,62,48,60,42,28,24,18,38,22,50,84,60,74,86,172,144,160,382,176
0,0,0,0,0,2,0,2,0,0,0,0,0,0,0,0,2,2,0,0,2,0,0,2,2,0,0,0,0,0,0,0,0,0,0,0,0,2,2,4,2,4,2,0,0,0,2,2,0,0,0,0,8,8,0,0,0,2,2,0,0,0,0,0,2,0,2,0,6,0,0,0,2,0,0,4,6,2,2,0,6,2,0,2,0,0,2,0,0,2,4,0,2,0,2,8,0,0,0,6,0,0,0,8,2,0,0,4,0,0,2,6,0,0,6,2,0,0,0,0,0,0,0,4,0,6,0,4,6,10,0,6,6,20,2,14,6,6,14,0,0,0,0,0,0,4,0,0,0,4,0,0,0,0,2,2,0,2,4,0,0,0,2,8,4,2,0,2,4,4,2,2,0,0,0,0,2,0,0,0,0,0,4,2,2,2,0,0,0,0,0,0,0,0,0,0,0,2,0,2,0,0,0,6,0,4,4,0,0,0,0,4,0,2,8
